title,content,rating,created_at
C·ª±c k√¨ h√†i l√≤ng,S√°ch m·ªõi c√≥ b·∫£n quy·ªÅn ƒë·∫ßy ƒë·ªß c·ªßa fahasa. Tr·∫Øng ƒëen ch·ª© kh√¥ng ph·∫£i b·∫£ng m√†u nh∆∞ng s√°ch nh·∫≠p. T√¥i c·∫ßn luy·ªán thi ƒë·ªÅ toeic ng·ªØ ph√°p c∆° b·∫£n th√¨ n√™n mua nha,5,2025-04-25 11:09:24
C·ª±c k√¨ h√†i l√≤ng,"ƒê√¢y l√† cu·ªën s√°ch ng·ªØ ph√°p hay nh·∫•t m√† m√¨nh t·ª´ng mua. S√°ch d√†nh cho ng∆∞·ªùi t·ª± h·ªçc ƒë√£ c√≥ cƒÉn b·∫£n v·ªÅ t·ª´ v·ª±ng. S√°ch tr√¨nh b√†y d·ªÖ hi·ªÉu, c√≥ b√†i t·∫≠p cho m·ªói b√†i ng·ªØ ph√°p v√† b√†i t·∫≠p b·ªï sung ·ªü ph√≠a sau.",5,2024-02-12 20:24:13
C·ª±c k√¨ h√†i l√≤ng,"D·ªãch b·ªánh n√™n tiki giao h√†ng h∆°i l√¢u ch√∫t, ƒëi·ªÅu n√†y m√¨nh c√≥ th·ªÉ th√¥ng c·∫£m ƒë∆∞·ª£c. Nh∆∞ng c≈©ng kh√¥ng qu√° l√¢u so v·ªõi d·ª± ki·∫øn (ch·∫≠m 1 ng√†y th√¥i), m√¨nh c√≤n t∆∞·ªüng l√¢u h∆°n c∆° v√¨ m√¨nh ƒë·ªçc ch·ªâ th·ªã l√† shipper c≈©ng kh√¥ng ƒë∆∞·ª£c l√†m vi·ªác. (M√¨nh ·ªü H√† N·ªôi)
V·ªÅ cu·ªën s√°ch, m√¨nh l√†m cu·ªën n√†y ƒë∆∞·ª£c h∆°n m·ªôt tu·∫ßn r·ªìi, m·ªói ng√†y ƒë·ªÅu ƒë·∫∑n √≠t nh·∫•t 2 units, v√¨ m√¨nh m·ªõi thi ƒë·∫°i h·ªçc xong n√™n v·∫´n c√≤n l∆∞·ªùi ch√∫t nh∆∞ng c·ªë g·∫Øng duy tr√¨ m·ªói ng√†y, b·ªüi m·ªói unit ch·ªâ g√≥i g·ªçn trong 2 trang(1 trang l√Ω thuy·∫øt v√† 1 trang b√†i t·∫≠p). V√¨ th·∫ø n√™n c√°ch b·ªë tr√≠ c≈©ng kh√¥ng gi·ªëng ki·ªÉu s√°ch Gi·∫£i th√≠ch ng·ªØ ph√°p c·ªßa Mai Lan H∆∞∆°ng m√† m√¨nh ƒë√£ t·ª´ng l√†m (t·∫•t c·∫£ g√≥i g·ªçn trong m·ªôt b√†i, l√Ω thuy·∫øt h·∫øt r·ªìi m·ªõi ƒë·∫øn b√†i t·∫≠p luy·ªán) c√°c b·∫°n c√≥ th·ªÉ xem ·ªü m·ª•c l·ª•c. Nh·ªù ƒë√≥ n√™n m√¨nh th·∫•y l√†m quy·ªÉn n√†y kh√° vui v√† ko b·ªã d·ªÖ n·∫£n. 
S√°ch ph√π h·ª£p cho c√°c b·∫°n ch∆∞a ch·∫Øc ki·∫øn th·ª©c mu·ªën √¥n l·∫°i t·ª´ ƒë·∫ßu. Nh·ªØng b·∫°n m·∫•t g·ªëc th√¨ h∆°i m·ªát x√≠u v√¨ s√°ch full ti·∫øng anh. D√π sao m√¨nh v·∫´n th√≠ch s√°ch c·ªßa MLH h∆°n v√¨ n√≥ tr√¨nh b√†y r·∫•t b√†i b·∫£n v√† ƒë·∫ßy ƒë·ªß, kh√¥ng qu√° lan man, SI√äU PH√ô H·ª¢P v·ªõi c√°c b·∫°n √¥n thi THPTQG. B√¢y gi·ªù m√¨nh kh√¥ng h·ªçc ƒë·ªÉ thi n·ªØa n√™n th√≠ch l√†m quy·ªÉn n√†y h∆°n. S√°ch gi·∫•y gi√†y ƒë·∫πp. X·ª©ng ƒë√°ng gi√° ti·ªÅn.
C√≤n v·ªÅ ƒë√≥ng g√≥i th√¨ l√∫c m√¨nh nh·∫≠n h·ªôp h∆°i n√°t, b√™n trong c√≥ mi·∫øng x·ªëp m·ªèng n√™n ok.",5,2021-08-23 10:18:47
C·ª±c k√¨ h√†i l√≤ng,"L·∫ßn ƒë·∫ßu mua h√†ng tr√™n Fahasa r·∫•t ∆∞ng ·∫°. S√°ch tuy l√† s√°ch photo t·ª´ b·∫£n g·ªëc nh∆∞ng ch·∫•t l∆∞·ª£ng th√¨ ko c·∫ßn b√†n t·ªõi ·∫°. R·∫•t tuy·ªát v·ªùi, gi·∫•y in v√† m·ª±c ib v√¥ c√πng s·∫Øc n√©t. Nh√† s√°ch c√≤n in bill n·ªØa ·∫°. tuy s√°ch ƒë∆∞·ª£c ghi b·∫±ng ti·∫øng anh h·∫øt nh∆∞ng m√† ƒë√¢y c≈©ng l√† m·ªôt c√°ch ƒë·ªÉ m√¨nh h·ªçc th√™m t·ª´ m·ªõi. Ncl ∆∞ng l·∫Øm ·∫°.",5,2021-08-31 09:49:20
C·ª±c k√¨ h√†i l√≤ng,"H√†ng giao nhanh, s·ªëp ƒë√≥ng g√≥i h√†ng kƒ© l·∫Øm nhen, 1000 ƒë·ªâm",5,2025-05-18 09:36:53
C·ª±c k√¨ h√†i l√≤ng,"S√°ch giao ƒë√∫ng th·ªùi gian h·∫πn, bao b·ªçc kƒ© c√†ng. Ch·∫•t l∆∞·ª£ng gi·∫•y v√† m√†u s·∫Øc ƒë·∫πp, r√µ n√©t. N·ªôi dung s√°ch ho√†n to√†n b·∫±ng ti·∫øng anh nh∆∞ng gi·∫£i th√≠ch r·∫•t r√µ r√†ng, d·ªÖ hi·ªÉu, c√≤n c√≥ h√¨nh ·∫£nh minh ho·∫°. ƒê√¢y l√† 1 s·ª± l·ª±a ch·ªçn ƒë√∫ng ƒë·∫Øn c·ªßa m√¨nh khi √¥n luy·ªán l·∫°i ng·ªØ ph√°p Ti·∫øng Anh chu·∫©n.",5,2023-06-11 15:37:44
C·ª±c k√¨ h√†i l√≤ng,"S√°ch ƒë·∫πp l·∫Øm ·∫°, c·∫ßm cu·ªën s√°ch tr√™n tay th·∫•y ƒë√°ng ƒë·ªìng ti·ªÅn b√°t g·∫°o th·∫≠t s·ª±, s√°ch kh√° d√†y, ch·ªØ v√† h√¨nh ·∫£nh ƒë∆∞·ª£c in r·∫•t s·∫Øc n√©t, h√†ng kh√¥ng b·ªã m√≥p m√©o g√¨, n√≥i chung c·ª±c ∆∞ng √Ω, ch·ªâ c√≥ ƒëi·ªÅu l√† giao h√†ng kh√° l√¢u th√¥i ·∫°, ch·ªù s√°ch v·ªÅ ƒë·∫øn m√≤n m·ªèi",5,2021-11-17 16:13:59
C·ª±c k√¨ h√†i l√≤ng,"s√°ch r·∫•t d√†y, ƒë√¢y l√† cu·ªën s√°ch tmifnh ∆∞ng nh·∫•t v·ªÅ ng·ªØ ph√°p trc h,. m√¨nh bi·∫øt c√≥ b·∫£n h·ªç d·ªãch ra ti√™ng vi·ªát nh∆∞ng m√¨nh khuy√™n c√°c b·∫°n ƒëang ƒë·∫Øn ƒëo gi·ªØ hai b·∫£n th√¨ n√™n quy·∫øt ƒë·ªãnh mua b·∫£n n√†y v√¨ n√≥ th·∫≠t s·ª± ƒë√°ng mua l·∫Øm nh·∫•t l√† ƒë·ªëi v·ªõi m·∫•y b·∫°n mu·ªën b·∫Øt ƒë·∫ßu h·ªçc ƒë·ªÉ thi c√°c ch·ª©ng ch·ªâ n√≥i chung. M√¨nh ƒë√£ luy·ªán qua quy·ªÉn ng·ªØ ph√°p c·ªßa Mai Lan H∆∞∆°ng l√∫c thi ƒëh cu·ªën ƒë√≥ r·∫•t chi ti·∫øt nh∆∞ng s·∫Ω k sinh ƒë·ªông v√† n·∫øu b·∫°n c√≥ kh·∫£ nƒÉng t·ª± h·ªçc cao th√¨ cu·ªën ƒë√≥ c√¢n ng·ªØ ph√°p cho b·∫°n r·∫•t t·ªët c√≤n cu·ªën n√†y th√¨ sinh ƒë·ªông gi·∫£i th√≠ch d·ªÖ hi·ªÉu ki·∫øn th·ª©c ƒë·ªß ƒë·ªÉ b·∫°n c√≥ ƒëc m·ªôt c√°i n·ªÅn ng·ªØ ph√°p t·ªët. s√°ch tr·∫Øng ƒëen m√† 17xk n√≥ s·∫Ω kh√°c v·ªõi s√°ch 5xk nh√¨n quy·ªÉn s√°ch l√† b·∫°n s·∫Ω th·∫•y h·ªçc h√†nh ch√°n x√≠u n√†o. (h∆°i ƒëi√™n r·ªì nh∆∞ng n·∫øu b·∫°n n√†o th√≠ch m√πi s√°ch m·ªõi th√¨ cu·ªën n√†y ng·ª≠i ph√™ l·∫Øm nha :))) ). c√≥ ƒëi·ªÅu ki·ªán th√¨ mua lu·ªën quy·ªÉn MLH kho·∫£ng 80k h·ªçc k√®m quy·ªÉn n√†y c≈©ng ·ªïn l·∫Øm kh√¥ng th√¨ th√¥i cu·ªën n√†y c≈©ng ƒë·ªß r·ªìi.",5,2021-07-20 10:49:05
N√™n mua,"S√°ch ƒë∆∞·ª£c b·ªçc kƒ©, c√≥ m√πi r·∫•t th√≠ch, trang gi·∫•y m·ªãn v√† d√†y. N·ªôi dung s√°ch th√¨ kh·ªèi ph·∫£i ch√™. V√¨ mu·ªën thi Toeic n√™n m√¨nh mua s√°ch v·ªÅ l√†m c·ªßng c·ªë ng·ªØ ph√°p. V·ªën t·ª± tin v·ªÅ ng·ªØ ph√°p (do m√¨nh √¥n luy·ªán thi ti·∫øng Anh thptqg) nh∆∞ng khi h·ªçc v√† l√†m bt trong s√°ch m·ªõi v·ª° ra c√≤n nhi·ªÅu c√°i m√¨nh kh√¥ng bi·∫øt. S√°ch r·∫•t hay v√† ƒë·∫ßy ƒë·ªß ki·∫øn th·ª©c. C√≥ c·∫£ ph·∫ßn ƒë√°p √°n n·ªØa. N√™n mua nha mn. Tuy nhi√™n s√°ch ch·ªâ to√†n ti·∫øng Anh th√¥i. N√™n n·∫øu ai m·∫•t g·ªëc th√¨ n√™n c√¢n nh·∫Øc",5,2021-07-20 17:55:12
C·ª±c k√¨ h√†i l√≤ng,"N·ªôi dung ƒëc review kh√° nhi·ªÅu r·ªìi n√™n m√¨nh kg n√≥i n·ªØa, m√¨nh ƒë·∫∑t s√°ch c·ªßa fahasa canh sale 11/11 n√™n gi√° kh√° h·ªùi, ch·∫•t l∆∞·ª£ng s√°ch kh√¥ng ph·∫£i b√†n r·ªìi m·ªçi ng∆∞·ªùi, s√°ch ƒëc b·ªçc c·∫©n th·∫≠n, giao h√†ng ƒë√∫ng d·ª± ki·∫øn, si√™u si√™u ∆∞ng lu√¥n nha m·ªçi ng∆∞·ªùi. N√™n ƒë·∫∑t",5,2021-11-18 15:51:52
H√†i l√≤ng,"S√°ch r·∫•t t·ªët, c√≥ c√°c v√≠ d·ª• d·ªÖ hi·ªÉu, b√†i t·∫≠p ƒë·ªÉ m√¨nh r√®n luy·ªán. R·∫•t ph√π h·ª£p v·ªõi nh·ªØng b·∫°n c√≥ tr√¨nh ƒë·ªô th·∫•p nh∆∞ m√¨nh. C√≥ ƒëi·ªÅu s√°ch b·ªã d√≠nh keo ·ªü ngay g√°y. 
Giao h√†ng ch·∫≠mh∆°n d·ª± ki·∫øn nh∆∞ng m√† d·ªãch v·ª• kh√°ch h√†ng b√™n tiki t·ªá qu√°, giao tr·ªÖ th√¨ n√™n c·∫≠p nh·∫≠t ng√†y giao m·ªõi lu√¥n ƒëi ·∫° :(((((((((",4,2021-08-13 21:36:42
C·ª±c k√¨ h√†i l√≤ng,"s√°ch ok l·∫Øm lu√¥n, b·ªçc c·∫©n th·∫≠n, s√°ch nh√¨n r√µ n√©t, gi·∫•y d√†y. Tr√¨nh b√†y c√°c ch·ªß ƒë·ªÅ v√† c√≥ th√™m c·∫£ b√†i t·∫≠p ngay trang b√™n c·∫°nh. Ph√π h·ª£p v·ªõi c√°c b·∫°n h·ªçc Ti·∫øng Anh ·ªü m·ª©c ƒë·ªô c∆° b·∫£n, kh√° tr·ªü l√™n. 
N√™n mua cho m√¨nh 1 quy·ªÉn ƒë·ªÉ n√¢ng cao tr√¨nh ƒë·ªô Ti·∫øng Anh nha c√°c b√°c. ƒê√∫ng nh∆∞ l·ªùi ƒë·ªìn ƒë√¢y l√† m·ªôt quy·ªÉn s√°ch Qu·ªëc d√¢n !  ?",5,2021-07-26 11:13:18
C·ª±c k√¨ h√†i l√≤ng,"Quy·ªÉn n√†y l·∫ßn n√†y mua ƒë·ªÉ d·∫°y con h·ªçc. B·∫£n c≈© 30 nƒÉm tr∆∞·ªõc m√¨nh h·ªçc kh·ªï nh·ªè. B·∫£n n√†y in l·∫°i kh·ªï l·ªõn, b√¨a ƒë·∫πp, c·∫ßm tr√™n tay ch·∫Øc ch·∫Øn ∆∞ng ngay. Quy·ªÉn n√†y kinh ƒëi·ªÉn n·ªÅn t·∫£ng r·ªìi, ai h·ªçc ti·∫øng Anh c≈©ng n√™n c√≥.",5,2023-09-08 07:07:08
"C·ª±c ∆∞ng √Ω, c·ª±c h√†i l√≤ng!","-Fahasa g√≥i h√†ng lu√¥n lu√¥n kƒ©, lu√¥n qu·∫•n b·ªçc ch·ªëng s√≥c nhi·ªÅu l·ªõp.
-Giao c·ª±c nhanh, ƒë·∫∑t 10h t·ªëi 25/1, s√°ng 26/1 ƒë√£ c√≥ h√†ng.
-H√¨nh th·ª©c so v·ªõi b·∫£n c≈© ch·ªân chu v√† thu h√∫t ng∆∞·ªùi h·ªçc h∆°n. Giao di·ªán s√°ng, ch·ªØ, n·ªÅn v√† h√¨nh ·∫£nh h√†i h√≤a.
-C√°c v√≠ d·ª• d·ªÖ hi·ªÉu, t·ª´ ƒë∆°n gi·∫£n ƒë·∫øn kh√≥ h∆°n,  c√≥ b√†i t·∫≠p ƒë·ªÉ r√®n luy·ªán. Tuy v·∫≠y m√¨nh ko n·ª° l√†m tr·ª±c ti·∫øp v√¥ v√¨ s·ª£ h∆∞ s√°ch.
-R·∫•t ƒë√°ng l√†m quy·ªÉn s√°ch g·ªëi ƒë·∫ßu gi∆∞·ªùng cho m·ªçi ƒë·ªëi t∆∞·ª£ng c√≥ nhu c·∫ßu ti·∫øp x√∫c v·ªõi ti·∫øng Anh.",5,2021-01-26 14:46:56
C·ª±c k√¨ h√†i l√≤ng,"Fahasa giao h√†ng r·∫•t nhanh ·∫°, m·ªõi ƒë·∫∑t chi·ªÅu h√¥m qua h√¥m nay ƒë√£ nh·∫≠n ƒëc r·ªìi üòä √°p m√£ gi·∫£m gi√° n√™n gi√° c≈©ng r·∫ª, ƒë√≥ng g√≥i c·∫©n th·∫≠n, c√≤n n·ªôi dung c·ªßa s√°ch th√¨ ƒë·ª£i h·ªçc m·ªôt th·ªùi gian ƒë√£ hy v·ªçng ƒë√∫ng v·ªõi mn review.",5,2022-03-21 19:10:36
S√°ch qu√° ƒë·∫πp !!!!,"Fahasa giao s√°ch nhanh, s√°ch ƒëc b·ªçc k·ªπ ko ch·∫ßy x∆∞·ªõc 1 ch√∫t n√†o, c√≤n d√πng t√∫i gi·∫•y b·ªçc s√°ch ƒë·ªÉ b·∫£o v·ªá m√¥i tr∆∞·ªùng n·ªØa, th√™m 1 ƒëi·ªÉm c·ªông n·ªØa n√®

S√°ch ko ph·∫£i b·∫£n in m√†u, nh∆∞ng ch·∫•t l∆∞·ª£ng gi·∫•y r·∫•t t·ªët, ko b·ªã nho√® g√¨ c·∫£, h√¨nh v·∫Ω s·∫Øc n√©t. Tr∆∞·ªõc khi mua m√¨nh ƒë√£ ph√¢n v√¢n hay l√† ra qu√°n photo in v√¨ tr√™n m·∫°ng c≈©ng c√≥ b·∫£n pdf s√°ch n√†y. Nh∆∞ng v·∫´n quy·∫øt ƒë·ªãnh mua s√°ch, v√† quy·∫øt ƒë·ªãnh ƒë√≥ thi·ªát l√† ƒë√∫ng ƒë·∫Øn

N√≥i qua v·ªÅ c·∫•u tr√∫c cu·ªën s√°ch. 
- ƒê·ªëi t∆∞·ª£ng: ph√π h·ª£p v·ªõi ng∆∞·ªùi h·ªçc tr√¨nh ƒë·ªô trung c·∫•p ( ƒë√£ n·∫Øm c∆° b·∫£n ng·ªØ ph√°p) , ko ph√π h·ª£p v·ªõi ng∆∞·ªùi m·ªõi h·ªçc tr√¨nh ƒë·ªô s∆° c·∫•p, ƒëo·∫°n n√†y c√°c b·∫°n c√¢n nh·∫Øc k·ªπ nha

- C·∫•u tr√∫c: S√°ch g·ªìm 145 unit, m·ªói unit g·ªìm 2 trang s√°ch ƒë·ªëi di·ªán nhau. B√™n tr√°i l√† gi·∫£i th√≠ch v√† v√≠ d·ª•, b√™n ph·∫£i l√† ph·∫ßn b√†i t·∫≠p, r·∫•t ti·ªán ƒë·ªÉ v·ª´a h·ªçc v·ª´a theo d√µi, m√† ko b·ªã qu√° d√†i, h·ªçc ƒë·ª° o·∫£i :))). Ngo√†i ra ƒë·∫±ng sau c√≥ ph·∫ßn Key ƒë·ªÉ check ph·∫ßn tr·∫£ l·ªùi c·ªßa m√¨nh trong ph·∫ßn b√†i t·∫≠p

- T√°c gi·∫£ Raymond Murphy c≈©ng h∆∞·ªõng d·∫´n m√¨nh c√°c h·ªçc r·∫•t chi ti·∫øt b·∫±ng nh·ªØng c√°ch sau:
+ ƒê·ªçc ph·∫ßn Content v√† t√¨m ph·∫ßn unit n√†o m√† m√¨nh c·∫£m th·∫•y h·ª©ng th√∫ th√¨ h·ªçc
+ N·∫øu ko ch·∫Øc c·∫ßn h·ªçc ph·∫ßn n√†o th√¨ ·ªü trang 326 t√°c gi·∫£ c√≥ 1 ph·∫ßn ""Study Giude"" l√†m b√†i t·∫≠p ph·∫ßn ƒë√≥, v∆∞·ªõng m·∫Øc ·ªü ph·∫ßn n√†o th√¨ m√¨nh h·ªçc ph·∫ßn unit ƒë√≥
+ C√°ch h·ªçc: H·ªçc ph·∫ßn gi·∫£i th√≠ch v√† v√≠ d·ª• ·ªü b√™n tr√°i tr∆∞·ªõc, sau ƒë√≥ l√†m btap ·ªü ph·∫ßn b√™n ph·∫£i, sau ƒë√≥ check ·ªü m·ª•c Key tr336. N·∫øu ph·∫ßn tr·∫£ l·ªùi ko ƒë√∫ng, h·ªçc l·∫°i ph·∫ßn b√™n tr√°i v√† xem t·∫°i sao m√¨nh l√†m sai",5,2020-03-17 10:14:48
C·ª±c k√¨ h√†i l√≤ng,"sau khi h·ªçc ƒë∆∞·ª£c h∆°n 20 units, m√¨nh s·∫Ω ƒë∆∞a ra m·ªôt v√†i nh·∫≠n x√©t ch√¢n th·∫≠t nh·∫•t cho c√°c b·∫°n c√≥ nhu c·∫ßu n√¢ng cao tr√¨nh ƒë·ªô ti·∫øng anh. Tr∆∞·ªõc ƒë√¢y m√¨nh ƒë√£ s·ª≠ d·ª•ng cu·ªën vocab (elementary) sau ƒë√≥ quy·∫øt ƒë·ªãnh mua th√™m cu·ªën intermidiate v√† cu·ªën ng·ªØ ph√°p. M√¨nh r·∫•t h√†i l√≤ng v·ªÅ ch·∫•t l∆∞·ª£ng s√°ch, c·∫•u tr√∫c b√†i h·ªçc c≈©ng nh∆∞ n·ªôi dung ƒë∆∞·ª£c s·∫Øp x·∫øp r·∫•t logic. Sau m·ªói ch·ªß ƒëi·ªÉm ng·ªØ ph√°p ƒë·ªÅu c√≥ th√™m b√†i t·∫≠p t·ªïng h·ª£p ƒë·ªÉ hi·ªÉu r√µ, ph√¢n bi·ªát c√°c c·∫•u tr√∫c ng·ªØ ph√°p trong c√°c ng·ªØ c·∫£nh kh√°c nhau. C√≤n cu·ªën vocab th√¨ m√¨nh r·∫•t th√≠ch lu√¥n, c·∫£i bi√™n r·∫•t nhi·ªÅu so v·ªõi l·∫ßn t√°i b·∫£n tr∆∞·ªõc. ·ªû m·ªói t·ª´ m·ªõi ƒë·ªÅu c√≥ gi·∫£i th√≠ch nghƒ©a k·∫ø b√™n 1 c√°ch r·∫•t d·ªÖ hi·ªÉu, n√™u ra lu√¥n t·ª´ tr√°i nghƒ©a ( n·∫øu c√≥). ƒê∆∞a t·ª´ v·ª±ng ƒë√≥ v√†o ng·ªØ c·∫£nh th·ª±c t·∫ø. ƒê√¢y c≈©ng l√† l√Ω do m√¨nh th√≠ch s·ª≠ d·ª•ng s√°ch n∆∞·ªõc ngo√†i ƒë·ªÉ h·ªçc ngo·∫°i ng·ªØ, c√≤n khi m√¨nh s·ª≠ d·ª•ng c√°ch s√°ch ti·∫øng Vi·ªát, n√≥ ph·ª• thu·ªôc r·∫•t nhi·ªÅu v√†o tr√¨nh ƒë·ªô ng∆∞·ªùi vi·∫øt, t·ª´ ng·ªØ d·ªãch k s√°t nghƒ©a c≈©ng c√≥ th·ªÉ khi·∫øn ng∆∞·ªùi h·ªçc nh·∫ßm l·∫ßn",5,2022-07-19 12:17:36
C·ª±c k√¨ h√†i l√≤ng,"giao h√†ng nhanh, ƒë√≥ng g√≥i ƒë·∫πp. ch·∫•t l∆∞·ª£ng ki·∫øn th·ª©c th√¨ kh·ªèi b√†n, xem tr√™n yb nhi·ªÅu ng∆∞·ªùi recommend s√°ch n√†y l·∫Øm, mua th√™m essential  v·ªõi advanced n·ªØa th√¨ best grammar lu√¥n,gi·∫•y m·ªãn m√†ng ƒë·∫πp l·∫Øm. t·ª´ l√∫c mua t·ªõi gi·ªù v·∫´n ch∆∞a d√°m d√πng.....",5,2021-08-24 10:21:11
C·ª±c k√¨ h√†i l√≤ng,"uy t√≠n l·∫Øm nha mn. S√°ch d√†y, gi·∫•y ƒë·∫πp, m·ªãn c·ª±c √Ω m√† c√°c d·∫°ng ng·ªØ ph√°p v√† b√†i t·∫≠p ƒë√®u phong ph√∫ v√† d·ªÖ hi·ªÉu. S·∫Ω c√≤n mua th√™m Essential v√† Advanced n·ªØaüòÅ",5,2022-02-09 13:30:08
C·ª±c k√¨ h√†i l√≤ng,"s√°ch ƒë·∫πp l·∫Øm l·∫Øm l·∫Øm l·∫Ømmmmm shop g√≥i h√†ng c·∫©n th·∫≠n n√®, c√≤n v·ªÅ n·ªôi dung s√°ch th√¨ kh√¥ng c√≥ g√¨ ƒë·ªÉ ch√™ r·ªìiiiiiiii giao ƒë√∫ng v·ªõi d·ª± ki·∫øn lu√¥n huhu m√¨nh c·ª© t∆∞·ªüng s·∫Ω ph·∫£i l·∫•y h√†ng sau t·∫øt c∆° m√°y qu√° hihi m√£i ·ªßng h·ªô shop",5,2022-01-28 19:41:33
C·ª±c k√¨ h√†i l√≤ng,"N·ªôi dung d·ªÖ hi·ªÉu, giao h√†ng nhanh, t·ªëttt",5,2024-09-23 18:35:19
C·ª±c k√¨ h√†i l√≤ng,S√°ch ƒë·∫πp.,5,2025-07-08 18:36:09
TH√çCH,"Ko c√≤n g√¨ ƒë·ªÉ ch√™ lu√¥n,  m√¨nh lu√¥n tin t∆∞·ªüng tiki,  c·ª© mu·ªën mua s√°ch g√¨ l√† c≈©ng l√™n tiki h·∫øt... M√¨nh nhhix quy·ªÉn n√†y s·∫Ω d√†nh cho nh·ªØng b·∫°n c√≥ tr√¨nh ƒë·ªô th·∫•p nh∆∞ m√¨nh, m·∫∑c d√π quy·ªÉn n√†y 100% ti·∫øng Anh nh∆∞ng nh·ªØng t·ª´ v·ª±ng ƒëc SD r·∫•t th√¢n thu·ªôc, d·ªÖ hi·ªÉu (tr√¨nh ƒë·ªô th·∫•p nh∆∞ m√¨nh v·∫´n SD ƒëc lu√¥n nha). M√¨nh Nghe nhi·ªÅu ng∆∞·ªùi n√≥i l√†m xong quy·ªÉn n√†y th√¨ s·∫Ω n·∫Øm ƒëc ng·ªØ ph√°p r·∫•t ch·∫Øc....M√¨nh th√¨ ko ƒëi h·ªçc th√™m TA ·ªü nhi·ªÅu n∆°i m√† m√¨nh t·ª± t√¨m ki·∫øm nh·ªØng t√†i li·ªáu h·ªçc TA t·ªët ƒë·ªÉ t·ª± h·ªçc ·ªü nh√† m√¨nh ko mua nh·ªØng gi√°o tr√¨nh nh∆∞ Engbreaking,... m√¨nh nghe nhi·ªÅu ng∆∞·ªùi n√≥i ko hi·ªáu qu·∫£ n√™n m√¨nh to√†n t·ª± mua nh·ªØng quy·ªÉn nh∆∞ n√†y v·ªÅ l√†m ·ªü nh√† th√¥i, m·ªói ng∆∞·ªùi c≈©ng c√≥ th·ªÉ tham kh·∫£o m·∫•y quy·ªÉn Mai Lan H∆∞∆°ng ·∫•y. C≈©ng c·ª±c ch·∫•t l∆∞·ª£ng nha...",5,2020-08-29 21:00:36
C·ª±c k√¨ h√†i l√≤ng,,5,2025-07-27 14:44:56
C·ª±c k√¨ h√†i l√≤ng,"M√¨nh b·∫•m nh·∫ßm x2 v√†o gi·ªè h√†ng, ƒëang d∆∞ 1 cu·ªën, s√°ch m·ªõi c√≤n ƒë·ªÉ nguy√™n. *** cho b·∫°n n√†o c·∫ßn gi√° 150k nhe!",5,2023-08-15 10:51:27
C·ª±c k√¨ h√†i l√≤ng,"S√°ch m·ªõi, k b·ªã r√°ch g√≥c, s·∫Ω quay l·∫°i mua l·∫ßn sau",5,2024-06-08 18:03:40
C·ª±c k√¨ h√†i l√≤ng,"giao h√†ng r·∫•t nhanh, shiper th√¢n thi·ªán v·ªõi c·∫£ b·ªçc s√°ch si√™u xinh s√°ch si√™u ƒë·∫πp lu√¥n √° mn k bung hay g·∫•p m√©p hay g√¨ h·∫øt m·ªõi c·ª©ng lu√¥n v·∫≠y ƒë√≥, ∆∞ng c√°i n∆∞ tuiiii. Ai c√≥ √Ω ƒë·ªãnh mua th√¨ mua l·∫π ƒëi nhaaaa",5,2021-03-23 21:54:28
C·ª±c k√¨ h√†i l√≤ng,"H√†ng giao nhanh, ƒë√≥ng h√†ng c·∫©n th·∫≠n, shipper th√¢n thi·ªán, s√°ch ƒë·∫πp, m√¨nh s·∫Ω c·ªë g·∫Øng h·ªçc h√†nh cho ƒë√†ng ho√†ng.",5,2023-08-30 21:41:07
C·ª±c k√¨ h√†i l√≤ng,"R·∫•t ∆∞ng √Ω lu√¥n, s√°ch n√†y d√†nh cho nh·ªØng b·∫°n c√≥ v·ªën t·ª´ v·ª±ng kha kh√° ƒë·ªÉ hi·ªÉu n√®, tr√¨nh b√†y c·ª±c d·ªÖ nh√¨n. N√≥i chung l√† kh√¥ng ph√≠ ph·∫°m khi mua cu·ªën n√†y ƒë√¢u. S√°ch ni l√† s√°ch ng·ªØ ph√°p ti·∫øng Anh m√† m√¨nh th√≠ch nh·∫•t t·ª´ tr∆∞·ªõc ƒë·∫øn gi·ªù",5,2021-08-19 06:51:49
C·ª±c k√¨ h√†i l√≤ng,,5,2025-05-11 18:02:41
C·ª±c k√¨ h√†i l√≤ng,"s√°ch ƒë·∫πp v√† ƒë√≥ng g√≥i kƒ© l·∫Øm nhe, s·∫Ω ti·∫øp t·ª•c ·ªßng h·ªô fahasa. Mua ·ªü fahasa bao gi·ªù c≈©ng y√™n t√¢m v√¨ t·ª´ b√© gi·ªù m·ªã to√†n mua ·ªü ƒë√¢y.
mong l√† m·ªã ƒë·ªß chƒÉm ch·ªâ ƒë·ªÉ l√†m xong cu·ªën n√†y‚ù§
√† s√°ch c√≥ 8 b√†i v·ªÅ c√°c phrasal verbs c∆° b·∫£n n·ªØa nhe",5,2021-12-13 18:49:12
C·ª±c k√¨ h√†i l√≤ng,"S√°ch d√†y, gi·∫•y t·ªët, gi√° r·∫ª. Giao kh√° l√¢u.
Nh·ªØng ƒë∆°n v·ªã ki·∫øn th·ª©c l·ªõn (vd: tenses, modals...) ƒë·ªÅu ƒë∆∞·ª£c chia th√†nh nhi·ªÅu Unit. ƒê·∫∑c bi·ªát trong s√°ch nh·∫•n m·∫°nh vi·ªác so s√°nh nh·ªØng ƒëi·ªÉm ng·ªØ ph√°p gi·ªëng nhau (ƒë·ªÅu c√≥ Unit ri√™ng cho nh·ªØng ph·∫ßn so s√°nh n√†y), ƒë·ª° m·∫Øc c√¥ng ng∆∞·ªùi h·ªçc ph·∫£i t·ª± t·ªïng h·ª£p ki·∫øn th·ª©c sau ƒë√≥ so s√°nh. L∆∞·ª£ng ki·∫øn th·ª©c ·ªü m·ªói Unit kh√¥ng nhi·ªÅu n√™n ch·ªâ c·∫ßn 5' ƒë·ªÉ ƒë·ªçc xong ph·∫ßn l√Ω thuy·∫øt + l√†m b√†i t·∫≠p ·ªü trang b√™n c·∫°nh, n√™n d·ªÖ c√≥ c·∫£m gi√°c th√†nh t·ª±u v√† h·ªçc ƒë·ª° n·∫£n h∆°n cu·ªën Destination.",5,2020-12-02 11:07:51
C·ª±c k√¨ h√†i l√≤ng,"S·∫£n ph·∫©m ƒë∆∞·ª£c ƒë√≥ng g√≥i k·ªπ, v·∫≠n chuy·ªÉn nhanh ch√≥ng, shipper nhi·ªát t√¨nh d·ªÖ th∆∞∆°ng. S√°ch d√†y d·∫∑n v√† in r√µ n√©t, ch·∫•t l∆∞·ª£ng gi·∫•y t·ªët. N·ªôi dung c≈©ng r·∫•t th√∫ v·ªã v√† b·ªï √≠ch",5,2022-03-31 19:28:37
C·ª±c k√¨ h√†i l√≤ng,"S√°ch ch·∫•t l∆∞·ª£ng. D·ªÖ h·ªçc. Ch·∫•t l∆∞·ª£ng gi·∫•y v√† m·ª±c in r·∫•t ok v·ªõi gi√°. 
Fahasa v√† tiki ship nhanh l·∫Øm. Chi·ªÅu h√¥m qua m√¨nh ƒë·∫∑t, s√°ng h√¥m sau ƒë√£ nh·∫≠n ƒë∆∞·ª£c s√°ch. M√¨nh c√°m ∆°n!!!",5,2022-03-24 10:26:02
C·ª±c k√¨ h√†i l√≤ng,"Mua s√°ch c·ªßa TiKi ch∆∞a bao gi·ªù l√†m m√¨nh th·∫•t v·ªçng. M√¨nh ƒë·∫∑t t·ª´ h√¥m ch·ªß nh·∫≠t, chi·ªÅu th·ª© hai l√† nh·∫≠n ƒë∆∞·ª£c h√†ng. Ch·∫•t l∆∞·ª£ng th√¨ gi·∫•y kh√° t·ªët, b√¨a h∆°i m·ªèng n√™n khi m·ªü tr√°nh b·ªã g·∫•p n·∫øp. ƒê√°nh gi√° 5 sao cho c·∫£ ch·ªã shipper d·ªÖ th∆∞∆°ng n·ªØa.",5,2020-12-07 15:28:34
C·ª±c k√¨ h√†i l√≤ng,"S√°ch t·ªët, d√†y, c√°c b√†i h·ªçc ƒë∆∞·ª£c chia khoa h·ªçc v√† d·ªÖ hi·ªÉu. Giao h√†ng nhanh, shipper th√¢n thi·ªán.ü•∞ü•∞",5,2021-10-19 15:30:17
H√†i l√≤ng,"·ª¶a sao m√¨nh th·∫•y quy·ªÉn n√†y kh√¥ng chi ti·∫øt b·∫±ng quy·ªÉn ng·ªØ ph√°p MLH v·∫≠y ta, m√¨nh c√≥ mua nh·∫ßm s√°ch kh√°c kh√¥ng nh·ªâ, mong ƒë·ª£i d·ªØ l·∫Øm √† nghen m√† gi·ªù v·∫≠y",4,2023-05-23 19:52:24
C·ª±c k√¨ h√†i l√≤ng,"S√°ch c·ª±c t·ªët cho c√°c b·∫°n t·ª± h·ªçc nh√©. M√¨nh b·∫Øt ƒë·∫ßu h·ªçc t·ª´ con s·ªë 0 v√† gi·ªù ƒë√£ ƒëi ƒë∆∞·ª£c h∆°n 50 Unit, th·∫≠t s·ª± c·∫£m th·∫•y ti·∫øng Anh t·ªët l√™n r·∫•t nhi·ªÅu r·ªìi, kh√¥ng c√≤n l∆° m∆° nhi·ªÅu tr∆∞·ªõc. S√°ch to√†n b·∫±ng ti·∫øng Anh n√™n m·∫•y Unit ƒë·∫ßu m√¨nh ph·∫£i tra nhi·ªÅu t·ª´ ƒë·ªÉ hi·ªÉu nh∆∞ng c√†ng v·ªÅ sau l∆∞·ª£ng t·ª´ nhi·ªÅu h∆°n n√™n h·ªçc r·∫•t nhanh. M·ªói Unit ƒë·ªÅu c√≥ nhi·ªÅu v√≠ d·ª• v√† b√†i t·∫≠p c√≥ ƒë√°p √°n n√™n r·∫•t d·ªÖ hi·ªÉu. Th·∫≠t s·ª± recommend c√°c b·∫°n b·∫Øt ƒë·∫ßu t·ª± h·ªçc n√™n h·ªçc cu·ªën n√†y nha!",5,2021-10-03 16:45:39
C·ª±c k√¨ h√†i l√≤ng,"S√°ch ƒë∆∞·ª£c b·ªçc trong seal, h·ªôp ƒë·ª±ng vu√¥ng v·ª©c, kh√¥ng m√≥p m√©o",5,2023-02-16 11:48:26
R·∫•t kh√¥ng h√†i l√≤ng,"·ªßa t·∫°i sao kh√¥ng giao h√†ng cho ng∆∞·ªùi ta m√† t·ª± x√°c nh·∫≠n ƒë√£ giao h√†ng l√† saoo? l·∫•y ti·ªÅn c·ªßa ng∆∞·ªùi ta lu√¥n v·∫≠y h·∫£? nh·∫Øn tin th√¨ kh√¥ng tr·∫£ l·ªùi l√† saoo, ƒë·∫∑t h√†ng t·ª´ 13/8 ƒë·∫øn 9/10 v·∫´n ch∆∞a th·∫•y giao h√†ng m√† l·∫°i t·ª± x√°c nh·∫≠n ƒë√£ giao h√†ng???",1,2021-10-09 09:37:40
C·ª±c k√¨ h√†i l√≤ng,"Cu·ªën s√°ch ƒë√°ng mua ƒë·ªÉ h·ªçc TA. N·ªôi dung bi√™n so·∫°n r·∫•t d·ªÖ hi·ªÉu, ph√π h·ª£p cho nh·ªØng ng∆∞·ªùi mu·ªën √¥n t·∫≠p h·ªá th·ªëng l·∫°i ng·ªØ ph√°p. Ch·∫•t li·ªáu gi·∫•y t·ªët. R·∫•t ƒë√°ng ƒë·∫ßu t∆∞",5,2023-01-20 11:08:21
H√†i l√≤ng,"Ch·∫•t l∆∞·ª£ng in t·ªët, gi·∫•y c≈©ng r·∫•t ƒë·∫πp, kh√¥ng c√≥ m√†u nh∆∞ng v·∫´n ch·∫•p nh·∫≠n ƒë∆∞·ª£c. Tr·ª´ 1 sao v√¨ shipper th√°i ƒë·ªô ph·ª•c v·ª• qu√° k√©m, giao l·∫ßn th·ª© 2 th√¨ th√°i ƒë·ªô t·ªët h∆°n. M√¨nh mua h√†ng c·ªßa tiki ƒë∆∞·ª£c 4-5 nƒÉm nay r·ªìi, ch∆∞a l·∫ßn n√†o g·∫∑p shipper th√°i ƒë·ªô b·∫•t l·ªãch s·ª± tr·ªãch th∆∞·ª£ng nh∆∞ th·∫ø, m√† l·∫°i c√≤n l√† n·ªØ n·ªØa. Mong r·∫±ng l·∫ßn sau s·∫Ω kh√¥ng g·∫∑p tr∆∞·ªùng h·ª£p nh∆∞ th·∫ø n·ªØa.",4,2021-04-02 15:29:42
C·ª±c k√¨ h√†i l√≤ng,,5,2025-03-15 09:31:48
C·ª±c k√¨ h√†i l√≤ng,"S√°ch h·ªçc ng·ªØ ph√°p kh√° tuy·ªát m·∫∑c d√π ho√†n to√†n b·∫±ng Ti·∫øng Anh, s·∫Ω kh√° c·ª±c cho nh·ªØng b·∫°n m·ªõi b·∫Øt ƒë·∫ßu nh∆∞ng n·∫øu si√™ng nƒÉng ng·ªìi d·ªãch t·ª´ng t·ª´ th√¨ b·∫°n c≈©ng h·ªçc ƒë∆∞·ª£c kha kh√° t·ª´ v·ª±ng m·ªõi r·ªìi ƒë·∫•y. Ch√∫c mn th√†nh c√¥ng trong con ƒë∆∞·ªùng chinh ph·ª•c Ti·∫øng Anh.??‚ù§Ô∏è?‚ù§Ô∏è",5,2021-05-09 15:04:22
C·ª±c k√¨ h√†i l√≤ng,"Giao h√†ng nhanh m√πa d·ªãch m√† mua 1 ng√†y sau c√≥ lu√¥n r·ªìi. ƒê√≥ng g√≥i kƒ©, c√≥ mi·∫øng x·ªëp gi√∫p b√¨a k r√°ch hay nh√†u n√°t. S√°ch in chu·∫©n, d√†y, n·ªôi dung c·ª±c ƒëa d·∫°ng phong ph√∫ ph√π h·ª£p h·ªçc ng·ªØ ph√°p. L∆∞u √Ω cho ai mua v·ªÅ tr√°nh ƒë·ªÉ s√°ch n∆°i ·∫©m n·∫øu k gi·∫•y b·ªã ph·ªìng cong. B√¨a s√°ch c≈©ng m·ªèng n·∫øu l·ª° ƒë√® tay c√≥ th·ªÉ b·ªã g·∫≠p, c·∫ßn ch√∫ √Ω. N√≥i chung r·∫•t ∆∞ng √Ω, v∆∞·ª£t xa k√¨ v·ªçng.",5,2020-04-26 18:53:28
C·ª±c k√¨ h√†i l√≤ng,"N·ªôi dung d·ªÖ hi·ªÉu , ki·∫øn th·ª©c b·ªï √≠ch , ƒë√≥ng g√≥i t·ªët",5,2022-09-08 20:21:23
C·ª±c k√¨ h√†i l√≤ng,"m·∫•y b·∫°n n√™n n√≥i chung l√† n√™n mua, s√°ch v·ª´a n·ªïi ti·∫øng v·ª´a l√† s√°ch c·ªßa Cambrige n√™n kh·ªèi b√†n v·ªÅ m·∫∑t n·ªôi dungüíØüíØƒë√£ th·∫ø FAHASHA in s√°ch r·∫•t ch·∫•t l∆∞·ª£ng nh∆∞ng m√† mong b√™n FAHASHA g√≥i s√°ch ch·∫∑t x√≠u chi c·∫©y h·ªôp h·∫Øn l·ªèng‚ò∫‚ò∫",5,2022-05-06 14:10:00
R·∫•t kh√¥ng h√†i l√≤ng,"Trong m√πa d·ªãch ai c≈©ng kh√≥ khƒÉn, l√† kh√°ch h√†ng m√¨nh c≈©ng r·∫•t th√¥ng c·∫£m v·ªõi Tiki, nh∆∞ng vi·ªác tr√¨ ho√£n giao h√†ng nhi·ªÅu l·∫ßn, h·ª©a h·∫πn t·ªõi lui t·ª´ 30/7 ƒë·∫øn nay v·∫´n ch∆∞a giao th√¨ th·∫≠t s·ª± d·ªãch v·ª• c·ªßa Tiki qu√° t·ªá, c·∫ßn xem l·∫°i. Nh√¨n sang c√°c ƒë∆°n v·ªã cung c·∫•p d·ªãch v·ª• kh√°c nh∆∞ *** v·ªõi ***, c√πng kh√≥ khƒÉn nh∆∞ Tiki nh∆∞ng h·ªç v·∫´n xoay s·ªü giao h√†ng cho kh√°ch v·ªõi lead time ch·∫•p nh·∫≠n ƒë∆∞·ª£c. C·∫£m th·∫•y th·∫≠t s·ª± th·∫•t v·ªçng v√¨ ƒë√£ lu√¥n ·ªßng h·ªô Tiki, ƒë∆°n h√†ng th√¨ ƒë√£ tr·∫£ ti·ªÅn tr∆∞·ªõc r·ªìi n√™n b√¢y gi·ªù h·ªßy c≈©ng ch·∫£ ƒë∆∞·ª£c, ƒë√†nh ng·ªìi ƒë·ª£i trong v√¥ v·ªçng.",1,2021-08-14 10:48:08
C·ª±c k√¨ h√†i l√≤ng,"s√°ch ·ªïn, giao h√†ng h∆°i ch·∫≠m ch√∫t, s√°ch d·ªÖ hi·ªÉu gi√∫p ng∆∞·ªùi nh∆∞ m√¨nh t√¨m l·∫°i ƒë∆∞·ª£c ni·ªÅm vui trong vi·ªác h·ªçc ti·∫øng anh, h√†o h·ª©ng h∆°n h·∫≥n, v√¨ c≈©ng d·ªÖ hi·ªÉu m√† c√≥ √≠ch cho vi·ªác thi",5,2022-06-03 23:41:14
C·ª±c k√¨ h√†i l√≤ng,"Cu·ªën s√°ch h·ªØu √≠ch t·ªïng h·ª£p ƒë·∫ßy ƒë·ªß ki·∫øn th·ª©c ng·ªØ ph√°p v√† b√†i t·∫≠p th·ª±c h√†nh h·ª£p l√Ω. Ng√†y n√†o m√¨nh c≈©ng h·ªçc 3 b√†i v√¨ m·ªói l·∫ßn h·ªçc cu·ªën s√°ch n√†y m√¨nh th·∫•y l√¥i cu·ªën l·∫Øm. M√¨nh mua c·∫£ 3 lo·∫°i t·ª´ c∆° b·∫£n ƒë·∫øn n√¢ng cao, mong ng·ªØ ph√°p Ti·∫øng Anh c·ªßa m√¨nh ƒë∆∞·ª£c c·∫£i thi·ªán. Gi√° m√† h·ªìi x∆∞a h·ªçc ƒë·∫°i h·ªçc (10 nƒÉm tr∆∞·ªõc) m√¨nh ƒë∆∞·ª£c h·ªçc cu·ªën s√°ch n√†y th√¨ hay bi·∫øt m·∫•y. Ch·∫Øc ch·∫Øn s·∫Ω ko b·ªã h·ªïng ki·∫øn th·ª©c nh∆∞ b√¢y gi·ªù. C·∫£m ∆°n nh√† s√°ch Fahasha ƒë√£ ƒë√≥ng b·ªçc c·∫©n th·∫≠n v√† giao h√†ng trong m√πa d·ªãch cho m√¨nh.",5,2021-08-01 02:21:19
C·ª±c k√¨ h√†i l√≤ng,"S√°ch hay, b√†i t·∫≠p theo group t·ª´ n√™n tuy·ªát v·ªùi. M·ªói ng√†y l√†m m·ªôt b√†i th√¨ s·∫Ω master sau 5 months",5,2023-06-25 12:19:21
C·ª±c k√¨ h√†i l√≤ng,,5,2025-01-17 20:30:45
C·ª±c k√¨ h√†i l√≤ng,,5,2025-01-17 14:25:12
C·ª±c k√¨ h√†i l√≤ng,"S√°ch ƒë·∫πp l·∫Øm lu√¥n ·∫°, n·ªôi dung s√°ch b·∫°n n√†o ƒëang ph√¢n v√¢n th√¨ kh√¥ng c·∫ßn lo ƒë√¢u ·∫°, n√≥ hay l·∫Øm lu√¥n. Mk ko ch·ª•p ·∫£nh v√¨ l∆∞·ªùi qu√°, hihi",5,2022-05-22 13:10:27
C·ª±c k√¨ h√†i l√≤ng,"ch·∫Øc do d·ªãch n√™n so v·ªõi h·∫πn th√¨ giao tr·ªÖ h∆°n 1 ng√†y. ƒë·∫∑t t2 h·∫πn t4 m√† t5 nh·∫≠n, trong khi ƒë√≥ ƒë∆°n h√†ng kh√°c ƒë·∫∑t t4 m√† t·ªëi t5 ƒë√£ ƒë·∫øn tay :)) nh∆∞ng m√† s√°ch r·∫•t g√¨ v√† n√†y n·ªç, g√≥i c≈©ng c·∫©n th·∫≠n n·ªØa. 5*",5,2021-07-22 19:12:55
C·ª±c k√¨ h√†i l√≤ng,"giao h√†ng nhanh h∆°n d·ª± ki·∫øn, s√°ch ok kh√¥ng kh v·∫•n ƒë·ªÅ g√¨ nma shop ƒë√≥ng h√†ng si√™u ·∫©u, h·ªôp m√≥p m√©o h·∫øt may s√°ch kh√¥ng sao, r√∫t kinh nghi·ªám nh√© shop ƒë·ª£t sau t·ªõ quay l·∫°i mua ti·∫øp mua r·∫±ng shop ƒë√£ c·∫©n th·∫≠n h∆°n trong vi·ªác ƒë√≥ng g√≥i",5,2022-03-01 13:59:31
C·ª±c k√¨ h√†i l√≤ng,"Giao h√†ng ok, ƒë√≥ng g√≥i t·∫°m ·ªïn.",5,2023-08-27 20:09:29
C·ª±c k√¨ h√†i l√≤ng,"n·ªôi dung r√µ r√†ng, dc chia ch·ªß ƒë·ªÅ v√† c√≥ h√¨nh minh ho·∫° ƒëa d·∫°ng nhi·ªÅu v√≠ d·ª•",5,2023-07-15 12:54:49
C·ª±c k√¨ h√†i l√≤ng,"S√°ch r·∫•t hay v√† b·ªï √≠ch, Fahasa giao h√†ng nhanh, m·ªõi ƒë·∫∑t h√¥m tr∆∞·ªõc m√† h√¥m sau ƒë√£ nh·∫≠n ƒë∆∞·ª£c h√†ng r·ªìi",5,2023-08-17 12:37:41
C·ª±c k√¨ h√†i l√≤ng,"S√°ch d√†y, ƒë·∫πp, ƒë∆∞·ª£c b·ªçc k·ªπ c√†ng. Tiki giao h√†ng r·∫•t ƒë√∫ng th·ªùi gian. H√†ng mua ƒë∆∞·ª£c ngay l√∫c gi·∫£m gi√° n√™n r·∫•t ok cho m·ªôt quy·ªÉn s√°ch ch·∫•t l∆∞·ª£ng",5,2022-08-11 17:29:00
C·ª±c k√¨ h√†i l√≤ng,"Th·∫•y m·ªçi ng reviews nhi·ªÅu n√™n m√¨nh mua v√† th·∫•y r·∫•t hay v·ªÅ c·∫•u tr√∫c, ng·ªØ ph√°p nha. M√¨nh nghƒ© c√°c b·∫°n n√†o c·∫ßn th√¨ n√™n mua, ƒë·ªÉ c√≥ ki·∫øn th·ª©c v·ªØng ch·∫Øc nha, quy·ªÉn s√°ch to l·∫Øm c·∫ßm n·∫∑ng tay nhaü•∞ü•∞ü•∞",5,2021-12-02 09:53:11
C·ª±c k√¨ h√†i l√≤ng,"S√°ch r·∫•t ƒë·∫πp v√† h·ªØu √≠ch nha, v·ª´a ƒë·∫∑t h√¥m qua h√¥m nay ƒë√£ c√≥ lu√¥n r·ªìi th√≠ch qu√° hihi",5,2021-07-16 11:06:35
C·ª±c k√¨ h√†i l√≤ng,"H√†ng ƒë·∫øn nhanh h∆°n d·ª± ki·∫øn, s√°ch in ƒë·∫πp, r√µ ch·ªØ.",5,2023-10-06 16:20:54
C·ª±c k√¨ h√†i l√≤ng,Cu·ªën s√°ch kinh ƒëi·ªÉn v·ªÅ ng·ªØ ph√°p r·ªìi. Ko c·∫ßn ph·∫£i n√≥i th√™m. Bonus in ·∫•n s·∫°ch ƒë·∫πp ngay ng·∫Øn.,5,2023-08-19 13:46:46
C·ª±c k√¨ h√†i l√≤ng,"Giao h√†ng r·∫•t nhanh, si√™u nhanh, nh∆∞ng ƒë√≥ng g√≥i h√†ng h∆°i ·∫©u n√™n b·ªã n√≥p g√°y s√°ch",5,2022-06-17 14:36:44
C·ª±c k√¨ h√†i l√≤ng,"Giao h√†ng c·ª±c k·ª≥ nhanh, ord hum qua l√† hum nay nh·∫≠n ƒë∆∞·ª£c lu√¥n . ƒê√≥ng g√≥i ƒë·∫πp, s√°ch kh√¥ng b·ªã cong m√©p hay g√¨ c·∫£ üíú",5,2021-12-18 21:48:55
B√¨nh th∆∞·ªùng,b·ªã r√°ch 1 t√≠ ·ªü ph·∫ßn g√°y b√¨a s√°ch,3,2023-11-03 07:05:15
C·ª±c k√¨ h√†i l√≤ng,"ƒë√≥ng g√≥i c·∫©n th·∫≠n , s√°ch r·∫•t ƒë·∫πp m·ª±c in r√µ r√†ng tuy·ªát l·∫Øm ·∫°",5,2022-07-14 12:22:23
C·ª±c k√¨ h√†i l√≤ng,"M√¨nh nh·∫≠n ƒëc h√†ng sau 5 ng√†y, s√°ch m·ªõi nh∆∞ng ƒë√≥ng g√≥i ko c·∫©n th·∫≠n n√™n c√≥ 1 v·ªát nh∆∞ trong h√¨nh. Shop l·∫ßn sau ch√∫ √Ω khi ƒë√≥ng h√†ng nh√©",3,2022-03-01 14:02:47
C·ª±c k√¨ h√†i l√≤ng,"S√°ch r·∫•t h·ªØu √≠ch cho nh·ªØng b·∫°n mu·ªën t·ª± h·ªçc, t·ª± √¥n luy·ªán ng·ªØ ph√°p",5,2023-10-20 16:20:22
C·ª±c k√¨ h√†i l√≤ng,"Oki l·∫Øm nha. N·ªôi dung d·ªÖ h·ªâu, b√†i t·∫≠p nh√¨u kh·ªèi ph·∫£i b√†n",5,2023-07-01 12:20:04
C·ª±c k√¨ h√†i l√≤ng,"S√°ch vi·∫øt b·∫±ng Ti·∫øng Anh nh∆∞ng kh√° d·ªÖ hi·ªÉu v√† d·ªÖ h·ªçc. S√°ch d√†y l·∫Øm m·ªçi ng∆∞·ªùi, gi·∫•y tr∆°n vi·∫øt c≈©ng kh√° th√≠ch. Ai mu·ªën h·ªçc l·∫°i ng·ªØ ph√°p th√¨ c√≥ th·ªÉ tham kh·∫£o s√°ch n√†y. M√¨nh h·ªçc th·∫•y kh√° ·ªïn ƒë√≥",5,2021-04-07 18:44:13
C·ª±c k√¨ h√†i l√≤ng,,5,2024-08-31 16:23:50
C·ª±c k√¨ h√†i l√≤ng,"S√°ch in ƒë·∫πp, s√°ch m√¨nh nh·∫≠n ph·∫≥ng phiu v√† m·∫•y g√≥c gi·∫•y kh√¥ng nhƒÉn kh√¥ng g√£y mi·∫øng n√†o lu√¥n. ƒê·∫∑c bi·ªát Tiki giao h√†ng si√™u si√™u nhanh, s√°ng m√¨nh ƒë·∫∑t m√† t·∫ßm chi·ªÅu t·ªëi ƒë√£ nh·∫≠n h√†ng r·ªìi.",5,2020-12-28 20:09:41
C·ª±c k√¨ h√†i l√≤ng,Giao h√†ng nhanh shop ƒë√≥ng g√≥i r·∫•t c·∫©n th·∫≠n tuy nhi√™n s√°ch c√≥  ch·ªó b·ªã r√°ch nh·ªè ƒë∆∞·ªùng c·∫Øt gi·∫•y ko b·∫±ng,5,2021-07-19 19:30:02
C·ª±c k√¨ h√†i l√≤ng,,5,2024-08-15 16:44:59
C·ª±c k√¨ h√†i l√≤ng,"Cu·ªën s√°ch v·ªÅ ng·ªØ ph√°p ti·∫øng Anh t·ªët nh·∫•t m√¨nh t·ª´ng s·ª≠ d·ª•ng ƒë·ªÉ h·ªçc ti·∫øng Anh. T·ª´ edition ƒë·∫ßu ti√™n t·ªõi b√¢y gi·ªù, m√¨nh lu√¥n mua edition m·ªõi h∆°n ƒë·ªÉ t·ª± √¥n l·∫°i c√°c c·∫•u tr√∫c kh√≥ ho·∫∑c ƒë√¥i khi xem l·∫°i nh·ªØng m·∫´u c√¢u hay d√πng",5,2021-10-15 18:57:29
V·∫≠n chuy·ªÉn k√©m,"N·ªôi ƒë·ª©ng s√°ch th√¨ ko ph·∫£i b√†n v√¨ ƒë√£ l√† cu·ªën kinh ƒëi·ªÉn r·ªìi. Nh∆∞ng t√¥i vote 1sao v√¨ r·∫•t th·∫•t v·ªçng v·ªÅ d·ªãch v·ª• giao h√†ng c·ªßa Tiki g·∫ßn ƒë√¢y. H·ªôp ƒë·ª±ng b·ªã quƒÉng qu·∫≠t, tr·ªùi m∆∞a c≈©ng ko che ch·∫Øn l√†m n∆∞·ªõc v√†o h·ªèng c·∫£ m·ªôt ph·∫ßn s√°ch.",1,2020-04-06 10:29:12
C·ª±c k√¨ h√†i l√≤ng,"ƒë√≥ng h√†ng , ch·∫•t l∆∞·ª£ng gi·∫•y , m·ª±c in , n·ªôi dung 10 ƒëi·ªÉm",5,2022-12-23 19:11:37
C·ª±c k√¨ h√†i l√≤ng,"Giao nhanh, s√°ch d√†y, b√†i t·∫≠p nhi·ªÅu",5,2023-09-19 21:20:57
H√†i l√≤ng,"sao cu·ªën s√°ch truy·ªÅn t·ªõi tay mik l·∫°i k c√≥ b·ªçc ni l√¥ng bao b√™n ngo√†i @@ c√≥ h∆°i nhƒÉn, ch·∫Øc s√°ch n√†y l√† h√†ng tr∆∞ng b√†y qu√° :(, nh∆∞ng m√† n·ªôi dung th√¨ qu√° ok",4,2021-10-27 23:49:51
C·ª±c k√¨ h√†i l√≤ng,"S√°ch ƒë·∫πp, k b·ªã h∆∞, ƒë√≥ng g√≥i kƒ© l∆∞·ª°ng, giao h√†ng nhanh. C·∫£m ∆°n shop",5,2023-04-04 19:40:04
C·ª±c k√¨ h√†i l√≤ng,"V·∫´n cho shop 5 sao nh∆∞ng c√≥ l·∫Ω v√¨ v·∫≠n chuy·ªÉn n√™n s√°ch b·ªã r√°ch 1 ch√∫t nh∆∞ng k sao 
S√°ch ƒë·∫πp mn n√™n mua",5,2021-12-05 19:18:52
H√†i l√≤ng,,4,2024-07-07 01:21:49
C·ª±c k√¨ h√†i l√≤ng,Huu ich,5,2023-12-29 06:31:04
C·ª±c k√¨ h√†i l√≤ng,"nh·∫≠n h√†ng th√¨ h·ªôp ƒë·ª±ng b·ªã m√≥p m√©o nh∆∞ng ƒë∆∞·ª£c c√°i s√°ch kh√° ƒë·∫πp, kh√¥ng b·ªã √∫a m√†u hay nh√†u, n·ªôi dung c∆° b·∫£n cho ng∆∞·ªùi m·ªõi b·∫Øt ƒë·∫ßu.",5,2021-11-17 23:19:20
C·ª±c k√¨ h√†i l√≤ng,"M√†u ƒë·∫πp, h√¨nh ·∫£nh r√µ n√©t. C√°m ∆°n Fahasa & Tiki",5,2023-06-19 12:47:39
C·ª±c k√¨ h√†i l√≤ng,"giao h√†ng nhanh, s√°ch ƒë·∫πp mi·ªÖn b√†n",5,2021-10-23 09:37:03
C·ª±c k√¨ h√†i l√≤ng,Kh√¥ng bi·∫øt sao tr√™n s√°ch l·∫°i in FAHASA nh·ªâ???,5,2023-06-08 14:26:40
C·ª±c k√¨ h√†i l√≤ng,,5,2024-06-01 18:04:19
C·ª±c k√¨ h√†i l√≤ng,"ƒê√≥ng g√≥i c·∫©n th·∫©n
Ch·∫•t l∆∞·ª£ng t·ªët",5,2022-07-30 07:41:49
C·ª±c k√¨ h√†i l√≤ng,"S·∫£n ph·∫©m m·ªõi, ƒë√≥ng g√≥i k·ªπ, giao h√†ng nhanh",5,2022-06-22 19:42:18
C·ª±c k√¨ h√†i l√≤ng,"S√°ch n√†y r·∫•t b·ªï √≠ch cho nh·ªØng b·∫°n t·ª± h·ªçc ti·∫øng Anh nh∆∞ m√¨nh. C√°c b·∫°n ƒëang √¥n thi THPTQG hay thi TOEIC, IELTS... c·∫ßn h·ªçc grammar c∆° b·∫£n th√¨ m√¨nh r·∫•t highly recommend nha. Sharing c√°ch h·ªçc c·ªßa m√¨nh l√† 1 ng√†y 1 unit, ki√™n tr√¨ nh∆∞ th·∫ø th√¨ kho·∫£ng 3 th√°ng ƒë√£ h·ªçc xong r·ªìi. üëçüèªüëçüèª",5,2020-12-11 10:36:48
C·ª±c k√¨ h√†i l√≤ng,"D·∫° s√°ch kh√° l√† ƒë·∫πp ·∫°. Nh∆∞ng c√≥ m·ªôt ch√∫t x√≠u sai s√≥t l√† b√¨a s√°ch c√≥ r√°ch m·ªôt ch√∫t, m·ªçi ng∆∞·ªùi d√πng c·∫©n th·∫≠n ch·∫Øc kh√¥ng c√≥ v·∫•n ƒë·ªÅ l·ªõn ƒë√¢u ·∫°.",5,2021-08-01 21:06:57
C·ª±c k√¨ h√†i l√≤ng,"Giao nhanh, ƒë√≥ng g√≥i t·ªët",5,2023-08-11 20:57:27
C·ª±c k√¨ h√†i l√≤ng,,5,2024-05-07 15:42:01
C·ª±c k√¨ h√†i l√≤ng,S√°ch ƒë·∫πp t·ªët,5,2021-11-25 00:05:53
C·ª±c k√¨ h√†i l√≤ng,M·ªü s√°ch ra l√† mu·ªën h·ªçc li·ªÅn,5,2023-06-28 20:48:04
C·ª±c k√¨ h√†i l√≤ng,,5,2024-04-21 08:35:59
C·ª±c k√¨ h√†i l√≤ng,"ch·∫•t l∆∞·ª£ng s√°ch t·ªët, giao h√†ng kh√° nhanh.",5,2021-12-17 17:44:40
C·ª±c k√¨ h√†i l√≤ng,L√† s√°ch photo nh∆∞ng r·∫•t ƒë·∫πp v√† s·∫Øc n√©t. ƒê√≥ng h√†ng c·∫©n th·∫≠n. R·∫•t h√†i l√≤ng.,5,2021-07-02 12:46:32
C·ª±c k√¨ h√†i l√≤ng,"Great book, great package",5,2023-12-27 08:28:09
C·ª±c k√¨ h√†i l√≤ng,"s√°ch bao r·∫•t kƒ©, nƒÉm m·ªõi n√™n fahasa c·∫£i thi·ªán vi·ªác v·∫≠n chuy·ªÉn hay sao √≠. nh·∫≠n s√°ch c·ªßa fahasa s·ªõm qua kh√¥ng quen cho l·∫Øm hihiüòÜ",5,2022-02-13 14:22:38
C·ª±c k√¨ h√†i l√≤ng,,5,2024-02-24 19:06:23
C·ª±c k√¨ h√†i l√≤ng,s√°ch ƒë·∫øn tay m√¨nh th√¨ r·∫•t ch·∫Øc ch·∫Øn tuy c√≥ nh·ªØng ch·ªó b·ªã tr·∫ßy x∆∞·ªõc nh∆∞ng n√≥ c≈©ng √≠t ·∫£nh h∆∞·ªüng t·ªõi ki·∫øn th·ª©c trong s√°ch üëç,5,2021-08-17 19:52:46
H√†i l√≤ng,"S√°ch h∆°i m√≥p nha, c√≤n l·∫°i th√¨ ·ªïn",4,2022-11-01 17:31:40
C·ª±c k√¨ h√†i l√≤ng,"Ship c·ª±c k√¨ th·∫ßn t·ªëc m·ªõi ƒë·∫∑t l√∫c tr∆∞a ch√¨u anh shipper ƒë√£ giao ?? 
S√°ch r·∫•t ƒë·∫πp, d√†y ,ƒë∆∞·ª£c b·ªçc kƒ© c√†nggg ‚ù§",5,2020-12-10 17:42:22
C·ª±c k√¨ h√†i l√≤ng,,5,2023-09-08 23:31:37
C·ª±c k√¨ h√†i l√≤ng,Nhanh ch√≥ng ch·∫•t l∆∞·ª£ng !!,5,2023-10-28 01:04:43
B√¨nh th∆∞·ªùng,"Giao h√†ng s·ªõm h∆°n d·ª± ki·∫øn 1 ng√†y, ƒë√≥ng g√≥i t·∫°m ƒë∆∞·ª£c nh∆∞ng m√† s√°ch x∆∞·ªõc nhi·ªÅu qu√° n√™n e h∆°i th·∫•t v·ªçng.",3,2021-11-21 13:26:27
H√†i l√≤ng,ƒê√≥ng h√†ng th√¨ ƒë·∫πp v√† kh√° kƒ©. L√∫c m√¨nh m·ªü th√¨ ch·ªâ b·ªã c√°i g√°y n√≥ x∆∞·ªõc nh∆∞ tr√™n. B√™n trong s√°ch ko c√≥ l·ªói g√¨. Chuy·ªÉn giao nhanh,4,2021-08-21 16:53:15
C·ª±c k√¨ h√†i l√≤ng,"shop g√≥i h√†ng c·∫©n th·∫≠n, giao h√†ng ƒë·ªß v√† nhanh ch√≥ng, s·∫Ω quay l·∫°i ·ªßng h·ªô th√™m nh√©",5,2022-08-27 13:25:23
C·ª±c k√¨ h√†i l√≤ng,"Giao h√†nh si√™u nhanh, s√°ch c≈©ng si√™u d√†y nx √°,t·∫•t c·∫£ ƒë·ªÅutuy·ªát v·ªùi, mong ƒë·ª£i e n√≥ kh√° l√¢u √πiiiiii",5,2022-01-04 18:26:18
C·ª±c k√¨ h√†i l√≤ng,"Mua v·ªÅ ƒë·ªÉ h·ªçc l·∫°i ng·ªØ ph√°p sau h∆°n 10 nƒÉm ƒëi l√†m :) S√°ch in kh√° r√µ n√©t, layout d·ªÖ theo d√µi, giao h√†ng c·ª±c nhanh.",5,2021-11-01 15:21:17
C·ª±c k√¨ h√†i l√≤ng,Xin tr√¢n tr·ªçng c·∫£m ∆°n!,5,2023-05-19 21:33:48
C·ª±c k√¨ h√†i l√≤ng,r·∫•t ok... ƒë√≥ng h√†ng kƒ© l·∫Øm.... s√°ch m·ªõi ko h∆∞ h·ªèng.... d·ªãch n√™n s·∫Ω ch·∫≠m 2-5 ng√†y nh∆∞ng ko sao v√¨ qu√° ∆∞ng khi nh·∫≠n s√°ch....,5,2021-09-04 22:54:23
C·ª±c k√¨ h√†i l√≤ng,"S√°ch n√†y em ƒë∆∞·ª£c b·∫°n gi·ªõi thi·ªáu ·∫°, l√∫c nh·∫≠n th√¨ c√≥ ƒë·ªçc s∆° qua th√¨ em nghƒ© h·ªçc s·∫Ω c√≥ hi·ªáu qu·∫£ ·∫°aaaaa.",5,2022-04-11 19:11:27
C·ª±c k√¨ h√†i l√≤ng,,5,2024-01-13 11:57:02
C·ª±c k√¨ h√†i l√≤ng,"V·ªÅ ƒë∆°n h√†ng: ƒê∆°n h√†ng giao ƒë·∫øn s·ªõm 2 ng√†y so v·ªõi d·ª± ki·∫øn. Tuy nhi√™n Fahasa ƒë√≥ng g√≥i ch∆∞a c·∫©n th·∫≠n, s√°ch m√¨nh b·ªã b·∫©n ch√∫t √≠t. V·ªÅ s√°ch: b·∫£n in ch·∫•t l∆∞·ª£ng, gi·∫•y ph√π h·ª£p v·ªõi gi√° ti·ªÅn. Highly recommend!",5,2021-06-26 10:35:17
C·ª±c k√¨ h√†i l√≤ng,,5,2024-01-09 07:51:39
C·ª±c k√¨ h√†i l√≤ng,,5,2024-01-08 12:39:24
Good!!,"L·∫ßn ƒë·∫ßu mua h√†ng c·ªßa Fahasa m√¨nh r·∫•t ∆∞ng c√°ch ƒë√≥ng g√≥i, b√™n trong c√≥ 1 l·ªõp b·∫£o v·ªá ƒë·ªÉ s√°ch ko b·ªã cong hay m√≥p c·∫°nh ƒë·∫∑c bi·ªát d√≤ng ch·ªØ ""H√†ng d·ªÖ v·ª° xin nh·∫π tay"" l√† bi·∫øt b√°n s√°ch c√≥ t√¢m r·ªìi.",5,2021-02-22 15:38:21
B√¨nh th∆∞·ªùng,Giao mu·ªôn h∆°n d·ª± ki·∫øn. S·∫£n ph·∫©m t·ªët. M√† mang v·ªÅ g√≥i h√†ng nh∆∞ v n√™n h∆°i b·ª±c :> cskh kh√° t·ªá!!,3,2021-07-01 17:30:02
C·ª±c k√¨ h√†i l√≤ng,Giao h√†ng r·∫•t nhanh; s√°ch h∆°i b·ª•i v√† cong m√©p 1 x√≠u nh∆∞ng ko sao sale 56% n√™n b·ªè qua h·∫øt,5,2022-07-12 09:55:29
C·ª±c k√¨ h√†i l√≤ng,,5,2024-01-02 02:07:31
C·ª±c k√¨ h√†i l√≤ng,,5,2023-12-27 06:17:54
R·∫•t kh√¥ng h√†i l√≤ng,"T√¥i ch∆∞a nh·∫≠n ƒë∆∞·ª£c h√†ng c·ªßa m√¨nh, nh∆∞ng tr√™n app Tiki ƒë√£ ghi nh·∫≠n Giao h√†ng th√†nh c√¥ng??? L√† nh∆∞ th·∫ø n√†o??? T√¥i m·∫•t ti·ªÅn nh∆∞nng kh√¥ng nh·∫≠n ƒë∆∞·ª£c h√†ng c·ªßa m√¨nh???",1,2021-12-09 22:19:56
C·ª±c k√¨ h√†i l√≤ng,"S√°ch h∆°i b·ªã x·ªãn lu√¥n n√®. Khuy√™n mng n√™n mua v√¨ b·ªë tr√≠ r·∫•t d·ªÖ h·ªçc, t·ª´ c∆° b·∫£n ƒë·∫øn n√¢ng cao ƒë·ªÅu c√≥ nh√©. Nm b√¨a s√°ch h∆°i l·ªói x√≠u 9/10",5,2021-10-29 16:54:39
C·ª±c k√¨ h√†i l√≤ng,"B√†i t·∫≠p ng·ªØ ph√°p c∆° b·∫£n r·∫•t nhi·ªÅu, l√≠ thuy·∫øt ƒë·ªçc d·ªÖ hi·ªÉu, h·ªçc xong c≈©ng th·∫•y n·∫Øm ch·∫Øc ki·∫øn th·ª©c c∆° b·∫£n h∆°n. S√°ch ƒë·∫πp d√†y in ch·∫•t l∆∞·ª£ng, b√¨a c·ª©ng c√°p s√°ng b√≥ng ƒë√°ng ti·ªÅn l·∫Ømmm",5,2021-08-08 22:48:48
C·ª±c k√¨ h√†i l√≤ng,"t·ªët, ƒë·∫πp, giao h√†ng nhanh",5,2022-04-20 08:37:56
H√†i l√≤ng,"Giao h√†ng nhanh, ƒë√≥ng g√≥i kh√° kƒ©. H√†i l√≤ng",4,2023-06-16 07:13:02
C·ª±c k√¨ h√†i l√≤ng,"ng·ªØ ph√°p ƒë∆∞·ª£c gi·∫£i th√≠ch d·ªÖ hi·ªÉu l·∫Øm n√†a. m√¨nh ƒëang ch·∫≠p ch·ªØng h·ªçc l·∫°i ti·∫øng anh, cu·ªën n√†y r·∫•t h·ªØu √≠ch ƒë·ªëi v·ªõi m√¨nh",5,2022-05-17 09:04:56
C·ª±c k√¨ h√†i l√≤ng,,5,2023-12-15 05:46:08
S·∫£n ph·∫©m t·ªët,"S·∫£n ph·∫©m r·∫•t t·ªët, kh√¥ng b·ªã tr·∫ßy x∆∞·ªõc, m·ª±c in r√µ n√©t. N·ªôi dung s√°ch th√¨ kh√¥ng ph·∫£i n√≥i n·ªØa. M·ªõi nh·∫≠n h√†ng th·∫•y shop ƒë√≥ng g√≥i r·∫•t c·∫©n th·∫≠n, c√≥ mi·∫øng b·ªçc b·∫£o v·ªá s√°ch, giao h√†ng nhanh ( 1 ng√†y, t·∫°i H∆∞ng Y√™n )
S·∫Ω mua th√™m c√°c s·∫£n ph·∫©m kh√°c.",5,2020-11-20 18:08:42
C·ª±c k√¨ h√†i l√≤ng,"Giao h√†ng nnhanh, ƒë·∫∑t t·ªëi qua s√°ng nay c√≥ r·ªìi, s√°ch ƒë·∫πp, m·ªõi, d·ªÖ h·ªçc c·ª±c k·ª≥. N√™n mua nhaa",5,2022-05-10 22:28:29
C·ª±c k√¨ h√†i l√≤ng,"Cu·ªën s√°ch English Grammar g·ªëi ƒë·∫ßu gi∆∞·ªùng c·ªßa m√¨nh. H·ªìi nh·ªè m√¨nh c√≥ m·ªôt cu·ªën nh∆∞ng c≈©ng l√¢u qu√° r·ªìi, quy·∫øt ƒë·ªãnh mua th√™m cu·ªën m·ªõi ƒë·ªÉ c√≥ nhi·ªÅu ki·∫øn th·ª©c update h∆°n! Highly Recommend!",5,2021-08-08 10:38:47
C·ª±c k√¨ h√†i l√≤ng,"Giao h√†ng nhanh, s√°ch in ƒë·∫πp, r√µ n√©t, m√πi gi·∫•y m·ªõi r·∫•t th∆°m.
Ki·∫øn th·ª©c th√¨ t·ªïng qu√°t t·ª´ nh·ªØng th√¨ c∆° b·∫£n nh·∫•t. 
M√¨nh mua quy·ªÉn n√†y ƒë·ªÉ √¥n l·∫°i ng·ªØ ph√°p c∆° b·∫£n tr∆∞·ªõc khi b·∫Øt ƒë·∫ßu h·ªçc IELTS",5,2021-06-21 11:00:53
C·ª±c k√¨ h√†i l√≤ng,"Uiiii giao h√†ng si√™u nhanh lu√¥n ·∫°, g√≥i h√†ng r·∫•t ƒë·∫πp v√† ch·∫Øc ch·∫Øn. Anh shipper cute h·∫°t me x√≠ mu·ªôi. ∆Øng l·∫Øm ·∫°. C·∫£m ∆°n shop v√† anh shipper nhi·ªÅu ·∫°",5,2022-02-08 18:16:17
C·ª±c k√¨ h√†i l√≤ng,"Cu·ªën s√°ch s·∫Ω gi√∫p ch√∫ng m√¨nh
s·∫Ω c√≥ c√°i nh√¨n t·ªïng qu√°t nh·∫•t v·ªÅ ng·ªØ ph√°p ti·∫øng Anh. Sau m·ªói b√†i h·ªçc th√¨ b·∫°n c√≤n c√≥ b√†i t·∫≠p ƒë·ªÉ r√®n luy·ªán, tr·ª±c ti·∫øp c·ªßng c·ªë ki·∫øn th·ª©c ngay nh√©.",5,2021-02-25 22:08:03
C·ª±c k√¨ h√†i l√≤ng,"L√∫c giao kh√¥ng c√≥ seal nh∆∞ng s√°ch kh√¥ng b·ªã nhƒÉn, h∆∞. Ch·ªØ in r√µ r√†ng, gi·∫•y ƒë·∫πp. C√≥ ph·∫ßn study guide cho nh·ªØng b·∫°n mu·ªën t·ª± h·ªçc.",5,2021-06-03 09:27:34
C·ª±c k√¨ h√†i l√≤ng,"Giao h√†ng trong ba ng√†y, h√™n gh√™ ch·ª© d·ª± ki·∫øn giao h√†ng t·∫≠n 1 tu·∫ßn, b·ªçc s√°ch k kƒ© l√∫c m√¨nh l·∫•y h·ªôp ƒë√£ b·ªã b·∫≠t tung ra( c√≥ th·ªÉ do m∆∞a) may qu√° s√°ch b√™n trong c√≤n nguy√™n
S√°ch r·∫ª h∆°n ch·ªó kh√°c , ch·∫•t gi·∫•y t·ªët, s·∫Ω quay l·∫°i",5,2021-03-02 11:41:20
C·ª±c k√¨ h√†i l√≤ng,Giao h√†ng nhanh,5,2022-10-28 18:00:53
C·ª±c k√¨ h√†i l√≤ng,"s√°ch b·ªçc c·∫©n th·∫≠n, giao h√†ng nhanh, c·ª© ng·ª° 25 m·ªõi c√≥ m√† 20 ƒë√£ c√≥ r·ªìi",5,2021-08-23 14:26:18
C·ª±c k√¨ h√†i l√≤ng,S√°ch n·ªôi dung hay,5,2023-09-07 14:32:27
C·ª±c k√¨ h√†i l√≤ng,"S√°ch r·∫•t hay. ƒê√≥ng g√≥i c·∫©n th·∫≠n. M√¨nh h·ªçc t·ª´ cƒÉn b·∫£n n√™n s√°ch n√†y r·∫•t hay v·ªõi m√¨nh, v·ª´a c√≥ ph·∫ßn ng·ªØ ph√°p v√† b√†i t·∫≠p √°p d·ª•ng. R·∫•t thi·∫øt th·ª±c.",5,2022-01-03 19:33:32
C·ª±c k√¨ h√†i l√≤ng,S√°ch r·∫•t ch·∫•t l∆∞·ª£ng lu√¥n. ƒê·ªçc r·∫•t hay l·∫°i c√≤n d·ªÖ hi·ªÉu n·ªØa. Nh∆∞ng m√† b√¨a s√°ch c·ªßa m√¨nh c√≥ m·ªôt s·ªë ch·ªó nh√¨n h∆°i nhƒÉn.,5,2021-11-16 16:02:59
C·ª±c k√¨ h√†i l√≤ng,"S√°ch t·ªët, ƒë·∫ßy ƒë·ªß n·ªôi dung, c√≥ th·ªÉ d√πng tr√™n c·∫£ web v√† mobile.
Giao h√†ng s·ªõm h∆°n h·∫°n, ƒë√≥ng g√≥i c·∫©n th·∫≠n",5,2022-07-10 11:52:18
H√†i l√≤ng,S√°ch t√≥m g·ªçn c√°c c·∫•u tr√∫c c∆° b·∫£n v√† kh√° h·ªØu √≠ch.,4,2023-03-21 07:56:49
C·ª±c k√¨ h√†i l√≤ng,,5,2023-11-04 15:58:10
C·ª±c k√¨ h√†i l√≤ng,"S√°ch in gi·∫•y t·ªët, gi√° r·∫ª. S√°ch n√†y l√† m·ªôt trong nh·ªØng s√°ch grammar best-seller v√¨ c√°ch ti·∫øp c·∫≠n theo l·ªëi th·ª±c h√†nh, d·ªÖ nh·ªõ, d·ªÖ √°p d·ª•ng. Nh∆∞ng m√¨nh th·∫•y c√°c v√≠ d·ª• t·ª´ cu·ªën Elementary v·∫´n ƒë∆∞a v√†o, n√™n n·∫øu b·∫°n h·ªçc qua cu·ªën Elementary r·ªìi h·ªçc ti·∫øp th√™m cu·ªën n√†y s·∫Ω h∆°i ch√°n. H√†ng giao nhanh, ƒë√≥ng g√≥i k·ªπ, s√°ch th√¥i m√† ƒë∆∞·ª£c cover l·∫°i b·∫±ng m·ªôt mi·∫øng x·ªëp r·ªìi m·ªõi b·ªè v√†o th√πng.",5,2020-05-01 08:26:51
C·ª±c k√¨ h√†i l√≤ng,s√°ch oke ƒë·∫πp. tiki giao h√†ng nhanh kinh th·∫≠t. ko r√πa b√≤ nh∆∞ √¥ s·ªëp pi.,5,2022-02-10 20:09:52
C·ª±c k√¨ h√†i l√≤ng,Shop ƒë√≥ng g√≥i r·∫•t c·∫©n th·∫≠n,5,2023-01-12 10:46:38
C·ª±c k√¨ h√†i l√≤ng,,5,2023-10-30 18:04:49
C·ª±c k√¨ h√†i l√≤ng,,5,2023-10-29 07:14:06
C·ª±c k√¨ h√†i l√≤ng,"L·∫ßn ƒë·∫ßu ƒë·∫∑t m√† giao h√†ng h∆°i l√¢u, h√†ng giao v·ªÅ c√°i h·ªôp b·ªã m√≥p may s√°ch ·ªü trong k b·ªã h·ªèng h√≥c nhi·ªÅu",5,2021-08-18 17:59:29
C·ª±c k√¨ h√†i l√≤ng,"S√°ch r·∫•t m·ªõi v√† ƒë·∫πp ‚ù§Ô∏è ch·∫•t l∆∞·ª£ng d·ªãch v·ª• c·ªßa Fahasa r·∫•t t·ªët, t·ª´ th·ªùi gian giao h√†ng ƒë·∫øn c√°ch ƒë√≥ng g√≥i s·∫£n ph·∫©m.",5,2022-04-03 13:14:03
C·ª±c k√¨ h√†i l√≤ng,S√°ch ch·∫•t l∆∞·ª£ng d·ªÖ h·ªçc ƒë√≥ng g√≥i kƒ© v·ªõi giao nhanh l·∫Øm,5,2023-02-02 20:37:48
C·ª±c k√¨ h√†i l√≤ng,"S√°ch m·ªõi, ƒëep. Tiki giao h√†ng nhanh. S√°ch r·∫•t th√≠ch h·ª£p cho c√°c b·∫°n √¥n t·ª´ v·ª±ng n·ªÅn t·∫£ng ƒë·ªÉ thi Ielts",5,2022-07-12 21:34:30
C·ª±c k√¨ h√†i l√≤ng,,5,2023-10-14 13:45:56
C·ª±c k√¨ h√†i l√≤ng,,5,2023-10-13 18:16:56
C·ª±c k√¨ h√†i l√≤ng,"ƒê√¢y l√† sp ƒë·∫ßu ti√™n mk mua tr√™n tiki, giao h√†ng nhanh s√°ch ƒëc ƒë√≥g g√≥i c·∫©n th·∫≠n, n·ªôi dung th√¨ ch·∫Øc k p b√†n v√¨ s√°ch r·∫•t n·ªïi ti·∫øng nh∆∞ng trog qu√° tr√¨nh h·ªçc s·∫Ω g·∫∑p ch√∫t kh√≥ khƒÉn v√¨ to√†n l√† ch·ªØ ti·∫øng Anh  h∆°i m·∫•t c√¥g tra m·ªôt ch√∫t.",5,2020-12-12 18:28:15
C·ª±c k√¨ h√†i l√≤ng,"S√°ch ch·∫•t l∆∞·ª£ng r·∫•t t·ªët, b·∫£n ƒë·∫πp gi√° t·ªët, ch·∫•t l∆∞·ª£ng gi·∫•y t·ªët v√† ƒë·∫πp, n√≥i chung mua s√°ch th√¨ fahasa lu√¥n ƒë·ª©ng nh·∫•t r·ªìi nh√† xa n√™n ko ƒë·∫øn t·∫≠n n∆°i mua ƒë∆∞·ª£c th√¥i nh∆∞n m√£i ·ªßng h·ªô.",5,2020-12-15 22:35:32
H√†i l√≤ng,,4,2023-10-07 15:27:58
C·ª±c k√¨ h√†i l√≤ng,"Ch·∫•t l∆∞·ª£ng s·∫£n ph·∫©m t·ªët, in ƒë·∫πp, b·ªçc g√≥i r·∫•t c·∫©n th·∫≠n, giao h√†ng nhanh ch√≥ng, ƒë·∫∑t h√¥m tr∆∞·ªõc ngay h√¥m sau c√≥ li·ªÅn, c√≥ ph·∫ßn theo d√µi ƒë∆°n h√†ng r·∫•t ti·ªán, ch·ªâ m·ªôt th·ªùi gian ng·∫Øn ƒë√£ th·∫•y b√†n giao cho ƒë∆°n v·ªã v·∫≠n chuy·ªÉn, n√≥i chung l√† r·∫•t h√†i l√≤ng",5,2020-08-21 19:46:17
C·ª±c k√¨ h√†i l√≤ng,"s√°ch d√†y, l√†m m·∫•y b√†i r·ªìi v√† th·∫•y r·∫•t ph√π h·ª£p, d·ªÖ hi·ªÉu",5,2022-02-04 14:21:20
H√†i l√≤ng,"c√≥ ƒë·∫ßy ƒë·ªß ki·∫øn th·ª©c c∆° b·∫£n, exercise sau m·ªói unit",4,2022-08-16 13:35:38
C·ª±c k√¨ h√†i l√≤ng,"N·ªôi dung d·ªÖ hi·ªÉu, b·∫£n th√¢n m√¨nh t·ª± h·ªçc m√† v·∫´n c√≥ th·ªÉ √°p d·ª•ng ƒë∆∞·ª£c",5,2022-10-19 00:15:09
C·ª±c k√¨ h√†i l√≤ng,"R·∫•t l√† ok lu√¥n
Tr√¨nh ƒë·ªô cho b1",5,2022-06-04 17:37:26
C·ª±c k√¨ h√†i l√≤ng,"ƒë√≥ng g√≥i c·∫©n th·∫≠n, ƒë·∫πp, giao h√†ng kh√° nhanh",5,2021-10-21 00:26:24
C·ª±c k√¨ h√†i l√≤ng,,5,2023-09-14 21:26:34
C·ª±c k√¨ h√†i l√≤ng,S√°ch ƒë·∫πp ngo√†i mong ƒë·ª£i lu√¥n ·∫°,5,2021-12-06 12:59:46
C·ª±c k√¨ h√†i l√≤ng,Giao h√†ng nhanh. B·ªçc k√≠n. S√°ch v·∫´n m·ªõi. *** ti·∫øng anh n√™n h∆°i ng·ª£p t√≠ nh∆∞ng n√≥i chung l√† ·ªïn,5,2022-02-06 10:11:16
C·ª±c k√¨ h√†i l√≤ng,"S√°ch ƒë·∫πp, hay, to√†n ti·∫øng anh n√™n b·∫°n n√†o m·ªõi th√¨ h∆°i khoai ·∫°, n√™n mua nh√© mn",5,2022-04-12 15:00:19
C·ª±c k√¨ h√†i l√≤ng,"N·ªôi dung c·ªßa Cambridge th√¨ kh·ªèi b√†n r·ªìi ‚ù§Ô∏è‚ù§Ô∏è
M·∫∑c d√π full EL nh∆∞ng gi·∫£i th√≠ch r·∫•t d·ªÖ hi·ªÉu lu√¥n ?
Tiki giao h√†ng si√™u si√™u nhanh lu√¥n √Ω ?‚Äç‚ôÄÔ∏è?‚Äç‚ôÄÔ∏è s·∫Ω ·ªßng h·ªô d√†i d√†i nha",5,2021-01-10 10:33:44
C·ª±c k√¨ h√†i l√≤ng,Ch∆∞a h·ªçc n√™n ch∆∞a bt nh·∫≠n x√©t ch·∫•t l∆∞·ª£ng nh∆∞ n√†o,5,2022-08-09 20:04:58
C·ª±c k√¨ h√†i l√≤ng,h√†ng giao ƒë√∫ng c√°ch ƒë√≥ngg g√≥i m√¨mh th√≠ch l·∫Øm lu√¥n n√™n mua nhaa,5,2022-06-26 09:40:45
H√†i l√≤ng,S√°ch ch·∫•t l∆∞·ª£ng,4,2023-06-22 10:33:07
C·ª±c k√¨ h√†i l√≤ng,.N·ªôi dung d·ªÖ hi·ªÉu,5,2023-06-13 22:04:47
C·ª±c k√¨ h√†i l√≤ng,"s√°ch photo nh∆∞ng ch·∫•t l∆∞·ª£ng t·ªët, giao h√†ng nhanh ch√≥ng tuy h∆°i m√≥p g√≥c s√°ch",5,2021-11-16 17:01:43
C·ª±c k√¨ h√†i l√≤ng,Nh·ªØng ai ƒë√£ c√≥ n·ªÅn g·ªëc th√¨ c√≥ th·ªÉ tham kh·∫£o s√°ch n√†y ƒë·ªÉ trau d·ªìi th√™m n√¢ng l√™n m·ªôt b·∫≠c n·ªØa nh√©,5,2022-06-01 21:32:43
C·ª±c k√¨ h√†i l√≤ng,"S√°ch d√†y, c√°c g√≥c c·∫Øt ƒë·∫πp, n√©t b√™n trong r√µ r√†ng kh√¥ng b·ªã m·ªù, nho√®",5,2022-05-17 09:58:30
C·ª±c k√¨ h√†i l√≤ng,"Mua cho con g√°i; tuy nhi√™n, s√°ch ƒë√£ r·∫•t n·ªïi ti·∫øng ·ªü vi·ªát nam t·ª´ nh·ªØng nƒÉm 90 n√™n ch·∫Øc t·ªët",5,2022-07-10 09:55:25
C·ª±c k√¨ h√†i l√≤ng,,5,2023-08-30 17:06:42
C·ª±c k√¨ h√†i l√≤ng,Nh·∫≠n h√†ng v√†o ƒë·ª£t d·ªãch th·∫≠t s·ª± kh√≥ khƒÉn. Mong la m√¨nh s·∫Ω chƒÉm ch·ªâ ƒë·ªÉ l·∫•y l·∫°i ki·∫øn th·ª©c n·ªÅn. Tin t∆∞·ªüng ƒë√¢y l√† cu·ªën s√°ch t·ªët v√¨ nghe recommend nhi·ªÅu l·∫Øm ^^,5,2021-08-18 10:12:46
C·ª±c k√¨ h√†i l√≤ng,mua v·ªÅ hong nghƒ© n√≥ to nh∆∞ th·∫ø nam th√≠ch l·∫Øm mua v·ªÅ nh√¨n c√≥ c·∫£m gi√°c mu·ªën l√†m li·ªÅn h√™ hee,5,2021-08-21 17:15:29
C·ª±c k√¨ h√†i l√≤ng,,5,2023-08-21 21:17:02
C·ª±c k√¨ h√†i l√≤ng,S√°ch m·ªõi. D√†y d·∫πn c√≥ c√°i s√°ch in ko m√†u nha,5,2022-08-27 13:39:46
C·ª±c k√¨ h√†i l√≤ng,,5,2023-08-18 18:29:17
B√¨nh th∆∞·ªùng,"m√¨nh mua b·ªô 3 quy·ªÉn n√†y 2 l·∫ßn r·ªìi, l·∫ßn ƒë·∫ßu th√¨ h·ªôp m√©o m√≥p, kh√¥ng c√≥ b·ªçc lu√¥n. Nh∆∞ ki·ªÉu s√°ch c≈© ·∫•y. L·∫ßn 2 th√¨ ƒë√≥ng g√≥i c·∫©n th·∫≠n, c√≤n b·ªçc b√≥ng c√°c ki·ªÉu, h·ªôp ƒë·∫πp.",3,2021-06-24 23:55:39
C·ª±c k√¨ h√†i l√≤ng,,5,2023-08-12 16:13:52
C·ª±c k√¨ h√†i l√≤ng,,5,2023-08-10 09:02:34
C·ª±c k√¨ h√†i l√≤ng,N·ªôi dung th√¨ kh·ªèi ph·∫£i n√≥i r·ªìi ·∫°. Giao h√†ng c≈©ng nhanh n·ªØa. N√≥i chung l√† ∆∞ng nhaaa,5,2022-08-04 19:14:56
C·ª±c k√¨ h√†i l√≤ng,"Giao h√†ng nhanh v√† b·ªçc r·∫•t c·∫©n th·∫≠n.
S√°ch ƒë·∫πp v√† h·ªØu √≠ch cho nh·ªØng b·∫°n mu·ªën n√¢ng cao ng·ªØ ph√°p.",5,2021-12-06 16:14:15
C·ª±c k√¨ h√†i l√≤ng,,5,2023-08-05 15:51:57
C·ª±c k√¨ h√†i l√≤ng,,5,2023-08-04 23:33:02
C·ª±c k√¨ h√†i l√≤ng,N√≥i chung l√† x·ªãn ‚ù§Ô∏è S√°ch c·ªßa Fahasa th√¨ m√¨nh lu√¥n lu√¥n tin t∆∞·ªüng ^^,5,2021-10-31 17:47:16
C·ª±c k√¨ h√†i l√≤ng,"S√°ch ƒë·∫πp, giao h√†ng nhanh. ƒê√°ng mua nh√© mn! üëç‚ù§Ô∏è",5,2022-12-17 22:59:52
C·ª±c k√¨ h√†i l√≤ng,,5,2023-07-31 17:14:28
C·ª±c k√¨ h√†i l√≤ng,Giao h√†ng nhanh h∆°n d·ª± ki·∫øn. M·ª±c in r√µ r√†ng.,5,2022-08-02 20:23:49
C·ª±c k√¨ h√†i l√≤ng,"cu·ªën s√°ch tuy·ªát v·ªùi ƒë·ªÉ h·ªçc ng·ªØ ph√°p, ƒë√≥ng g√≥i r·∫•t k·ªπ",5,2021-12-07 11:27:31
C·ª±c k√¨ h√†i l√≤ng,,5,2023-07-26 19:59:50
C·ª±c k√¨ h√†i l√≤ng,"giao h√†ng c·ª±c k√¨ nhanh lu√¥n, m·ªõi ƒë·∫∑t h√¥m qua m√† s√°ng nay ƒë√£ nh·∫≠n ƒë∆∞·ª£c r·ªìi, ƒë√≥ng g√≥i s·∫£n ph·∫©m r·∫•t ƒë·∫πp v√† ch·∫Øc ch·∫Øn ????",5,2020-08-19 10:45:11
C·ª±c k√¨ h√†i l√≤ng,s√°ch s·∫°ch ƒë·∫πp d√†y gi·∫•y d√†y shop b·ªçc c·∫©n th·∫©n n√™n mua l·∫Øm nha,5,2021-11-15 16:02:24
C·ª±c k√¨ h√†i l√≤ng,Oke ·∫°,5,2022-08-03 15:27:49
C·ª±c k√¨ h√†i l√≤ng,,5,2023-07-23 20:34:06
C·ª±c k√¨ h√†i l√≤ng,"ƒê√≥ng g√≥i c·∫©n th·∫≠n, s√°ch kh√° hay, n√™n mua th·ª≠ nha",5,2022-07-04 15:30:58
C·ª±c k√¨ h√†i l√≤ng,This book is very good. It has a lot of unit and exercise to do. I improve my English better and help me take knowledge again,5,2022-04-19 22:42:15
C·ª±c k√¨ h√†i l√≤ng,,5,2023-07-15 20:18:06
C·ª±c k√¨ h√†i l√≤ng,"giao h√†ng nhanh h∆°n 1 ng√†y, shipper th√¢n thi·ªán, s√°ch ƒë∆∞·ª£c ƒë√≥ng g√≥i kƒ© c√†ng ü•∞",5,2022-08-02 12:12:31
C·ª±c k√¨ h√†i l√≤ng,,5,2023-07-08 13:11:38
C·ª±c k√¨ h√†i l√≤ng,,5,2023-07-07 16:46:35
C·ª±c k√¨ h√†i l√≤ng,Tuy giao h√†ng ch·∫≠m. ƒë√£ nh·∫≠n ƒë∆∞·ª£c h√†ng kh√° ok. c·∫£m ∆°n shop ƒë√£ c·ªë g·∫Øng gi·ª•c ƒë∆°n gi√∫p em ·∫°.,5,2021-11-21 17:58:33
C·ª±c k√¨ h√†i l√≤ng,,5,2023-07-05 17:19:54
C·ª±c k√¨ h√†i l√≤ng,,5,2023-07-04 15:38:10
C·ª±c k√¨ h√†i l√≤ng,,5,2023-06-29 13:39:08
C·ª±c k√¨ h√†i l√≤ng,t·ªët,5,2023-06-06 00:37:00
C·ª±c k√¨ h√†i l√≤ng,"s√°ch ƒë·ªânh l·∫Øm ·∫°, ƒë√≥ng g√≥i c·∫©n th·∫≠n, giao h√†ng nhanh.",5,2021-11-22 12:57:17
C·ª±c k√¨ h√†i l√≤ng,,5,2023-06-20 20:16:56
C·ª±c k√¨ h√†i l√≤ng,,5,2023-06-18 13:40:52
C·ª±c k√¨ h√†i l√≤ng,,5,2023-06-15 12:17:59
C·ª±c k√¨ h√†i l√≤ng,,5,2023-06-14 21:37:29
C·ª±c k√¨ h√†i l√≤ng,,5,2023-06-14 14:34:06
C·ª±c k√¨ h√†i l√≤ng,,5,2023-06-14 09:38:53
C·ª±c k√¨ h√†i l√≤ng,,5,2023-06-10 22:13:47
C·ª±c k√¨ h√†i l√≤ng,"ƒê√¢y l√† cu·ªën s√°ch v·ªÅ grammar r·∫•t l√† tr·ª±c quan, ai h·ªçc ti·∫øng anh c≈©ng n√™n c√≥ m·ªôt cu·ªën ƒë·ªÉ d√πng d√†i l√¢u.",5,2021-09-06 13:53:52
C·ª±c k√¨ h√†i l√≤ng,,5,2023-06-06 21:04:45
C·ª±c k√¨ h√†i l√≤ng,,5,2023-06-06 16:43:30
C·ª±c k√¨ h√†i l√≤ng,Very good,5,2023-05-04 09:08:09
C·ª±c k√¨ h√†i l√≤ng,,5,2023-06-05 22:32:06
C·ª±c k√¨ h√†i l√≤ng,G√≥i h√†ng c·∫ßn th·∫≠n l·∫Øm nha n√™n m√¨nh cho 5 sao,5,2022-06-07 13:22:06
C·ª±c k√¨ h√†i l√≤ng,"Giao h√†ng nhanh, tr∆∞·ªõc h·∫πn h·∫≥n 3 ng√†y ü•∞",5,2022-11-29 10:55:47
C·ª±c k√¨ h√†i l√≤ng,"S√°ch ƒë·∫πp, ƒë√≥ng g√≥i ch·∫Øc ch·∫Øn. M·ªü ra m√† t∆∞·ªüng giao h√†ng d·ªÖ v·ª° khum √© :3",5,2022-06-28 20:41:36
C·ª±c k√¨ h√†i l√≤ng,S√°ch r·∫•t hay. N·ªôi dung c·ª±c k·ª≥ ch·∫•t l∆∞·ª£ng. Ph√π h·ª£p v·ªõi nh·ªØng b·∫°n B1 tr·ªü l√™n v√† mu·ªën n√¢ng cao kh·∫£ nƒÉng n√≥i vi·∫øt ti·∫øng Anh.,5,2021-11-02 22:29:52
C·ª±c k√¨ h√†i l√≤ng,,5,2023-06-01 21:18:29
H√†i l√≤ng,S·∫£n ph·∫©m gi·∫•y t·ªët nh∆∞ng m√¨nh th·∫Øc m·∫Øc t·∫°i sao s√°ch l·∫°i kh√¥ng c√≥ m√†u trong khi b·∫£n pdf th√¨ c√≥ m√†u m√†? Kh√¥ng ph·∫£i ch√≠nh h√£ng √†?,4,2020-12-02 13:21:00
C·ª±c k√¨ h√†i l√≤ng,"Giao h√†ng nhanh ch√≥ng, ch·∫•t l∆∞·ª£ng s√°ch c·ª±c k·ª≥ ƒë·∫πp",5,2021-11-12 10:58:09
C·ª±c k√¨ h√†i l√≤ng,,5,2021-02-25 19:34:59
C·ª±c k√¨ h√†i l√≤ng,,5,2023-05-28 14:45:59
C·ª±c k√¨ h√†i l√≤ng,"S√°ch in ƒë·∫πp, r√µ r√†ng",5,2021-10-16 16:04:27
C·ª±c k√¨ h√†i l√≤ng,,5,2023-05-27 13:26:12
H√†i l√≤ng,kh√° th·∫•t v·ªçng v·ªÅ c√°ch ƒë√≥ng g√≥i s√°ch,4,2022-06-24 12:28:55
C·ª±c k√¨ h√†i l√≤ng,"N·ªôi dung: c√¥ ƒë·ªçng v√† d·ªÖ hi·ªÉu.
H√¨nh th·ª©c: s√°ch m·ªõi v√† th∆°m.
Giao h√†ng nhanh b·∫•t ng·ªù lu√¥n ·∫°.",5,2022-03-17 17:31:43
C·ª±c k√¨ h√†i l√≤ng,Giao h√†nh nhanh h∆°n d·ª± t√≠nh shipper okie la s√°ch okieee la lu√¥n ko nhƒÉng ko j l√† ko t·ªët h·∫øt n√™n cho lu√¥n 5 sao,5,2022-02-20 09:36:34
C·ª±c k√¨ h√†i l√≤ng,,5,2023-05-20 15:51:36
C·ª±c k√¨ h√†i l√≤ng,,5,2023-05-19 22:38:32
H√†i l√≤ng,,4,2023-05-17 14:10:41
H√†i l√≤ng,,4,2022-06-22 12:41:08
C·ª±c k√¨ h√†i l√≤ng,H√†ng giao nhanh v·ªõi s√°ch ƒë∆∞·ª£c b·∫£o qu·∫£n c·∫©n th·∫≠n,5,2022-04-17 11:10:12
C·ª±c k√¨ h√†i l√≤ng,S√°ch r·∫•t ƒë·∫πp c·ª©ng v√† ch√≠nh h√£ng. G·ªìm c·∫£ ƒëƒ©a CD. R·∫•t ƒë√°ng ti·ªÅn mua. Mn n√™n mua nha,5,2021-06-02 18:53:00
C·ª±c k√¨ h√†i l√≤ng,,5,2023-05-15 23:03:49
C·ª±c k√¨ h√†i l√≤ng,,5,2023-05-15 08:31:35
C·ª±c k√¨ h√†i l√≤ng,H√†ng v·ªÅ si√™u nhanh. S√°ch ƒë∆∞·ª£c b·ªçc k√≠n. R·∫•t ƒë·∫πp.,5,2021-05-17 20:03:37
C·ª±c k√¨ h√†i l√≤ng,,5,2023-05-11 12:40:24
S√°ch r·∫•t t·ªët,"s√°ch r·∫•t ƒë∆°n gi·∫£n, d·ªÖ ƒë·ªçc, d·ªÖ hi·ªÉu, d·ªÖ th·ª±c h√†nh v√† c√≥ r·∫•t nhi·ªÅu ki·∫øn th·ª©c m√† l·∫•p m·∫•y l·ªó h·ªïng liti trong ng·ªØ ph√°p c·ªßa m√¨nh. b√¨a ƒë·∫πp, gi·∫•y t·ªët v√† gi√° c·∫£ h·ª£p l√Ω.",5,2021-02-26 11:37:14
C·ª±c k√¨ h√†i l√≤ng,"S√°ch si√™u si√™u ch·∫•t l∆∞·ª£ng, ch·∫•t gi·∫•y x·ªãn. ƒê√≥ng g√≥i c·ªßa Fahasa m√¨nh ch∆∞a ph·∫£i ch√™ bao gi·ªù, ƒë√≥ng g√≥i k·ªπ. Giao h√†ng nhanh",5,2021-11-08 11:51:13
H√†i l√≤ng,"s√°ch t·ªët, giao h√†ng nhanh nh∆∞ng b√¨a s√°ch b·ªã nhƒÉn",4,2021-11-14 11:35:39
C·ª±c k√¨ h√†i l√≤ng,,5,2023-05-08 13:01:53
C·ª±c k√¨ h√†i l√≤ng,,5,2023-05-06 23:30:21
C·ª±c k√¨ h√†i l√≤ng,Fahasa ƒë√≥ng g√≥i s√°ch kƒ© l·∫Øm nh√©. Giao h√†ng nhanh m√πa d·ªãch n√†y ∆°n nh√† trang th·ªß  l·∫•y ra l√†m √¥n t·∫≠p ki·∫øn th·ª©c nh√©.,5,2021-06-28 11:57:26
C·ª±c k√¨ h√†i l√≤ng,"S√°ch tr√¨nh b√†y khoa h·ªçc, in r√µ n√©t, gi·∫•y c·ª©ng c√°p",5,2022-04-12 14:41:27
C·ª±c k√¨ h√†i l√≤ng,,5,2023-05-03 20:59:35
C·ª±c k√¨ h√†i l√≤ng,"giao h√†ng nhanh, ƒë√≥ng g√≥i k·ªπ n√™n mua nh√©",5,2022-05-27 19:12:25
C·ª±c k√¨ h√†i l√≤ng,"L√∫c nh·∫≠n h√†ng th√¨ ƒë√≥ng g√≥i kƒ© c√†ng ·∫°, c√≥ th√™m 1 l·ªõp x·ªëp ƒë·ªÉ b·∫£o v·ªá s√°ch, c·ªông th√™m ch·ªã shipper ƒë√°ng y√™u. N√≥i chung l√† x·ªãn ·∫°.",5,2020-10-18 15:42:58
C·ª±c k√¨ h√†i l√≤ng,,5,2023-04-29 23:17:08
C·ª±c k√¨ h√†i l√≤ng,,5,2023-04-27 15:11:42
C·ª±c k√¨ h√†i l√≤ng,"Tuy·ªát v·ªùi lu√¥n ·∫° ƒë√≥ng g√≥i h√†ng r·∫•t l√† ch·∫∑t ch·∫Ω, giao h√†ng nhanh, s√°ch new ngon m√™ li",5,2021-10-23 13:35:35
C·ª±c k√¨ h√†i l√≤ng,"B·∫£n tr·∫Øng ƒëen nh∆∞ng ch·∫•t l∆∞·ª£ng gi·∫•y t·ªët, ti·ªán cho m·∫•y b·∫°n c√≥ s·ªü th√≠ch ng·ª≠i m√πi gi·∫•y nh∆∞ m√¨nh :v",5,2022-01-14 16:30:00
C·ª±c k√¨ h√†i l√≤ng,,5,2021-12-14 19:21:46
H√†i l√≤ng,S√°ch b·ªã r√°ch m·ªôt t·∫πo TwT nh∆∞ng v·∫´n c√≤n ƒë·∫πp ??‚Äç‚ôÄÔ∏è,4,2020-10-23 18:42:07
C·ª±c k√¨ h√†i l√≤ng,,5,2023-04-20 16:55:47
C·ª±c k√¨ h√†i l√≤ng,"Giao h√†ng ch·∫•t l∆∞·ª£ng, cu·ªën s√°ch d√†y v√† c√≥ h√¨nh minh h·ªça, c√°c m·∫πo li√™n quan ƒë·∫øn ng·ªØ ph√°p ƒë·∫ßy ƒë·ªß v√† b·ªï √≠ch. Th√≠ch h·ª£p ƒë·ªÉ √¥n l·∫°i t·ªïng th·ªÉ ng·ªØ ph√°p.",5,2020-11-23 21:42:27
B√¨nh th∆∞·ªùng,m·∫∑t sau c√≥ v·∫ª h∆°i r√°ch v√† b·∫©n x√≠u nh∆∞ng m√† s√°ch ch·∫•t l∆∞·ª£ng t·ªët,3,2022-01-04 17:51:07
C·ª±c k√¨ h√†i l√≤ng,ƒê·∫ßy ƒë·ªß ng·ªØ ph√°p v·ªõi nh·ªØng v√≠ d·ª• di√™u ƒë∆°n gi·∫£n d·ªÖ h·ªçc d·ªÖ hi·ªÉu ^^,5,2021-12-01 22:17:31
"S·∫¢N PH·∫®M T·ªêT NH∆ØNG SHIPPER M·∫§T L·ªäCH S·ª∞, K√å K√àO TH√äM TI·ªÄN C·ª¶A KH√ÅCH","L√∫c b·∫°n giao h√†ng Tiki t·ªõi, m√¨nh kh√¥ng c√≥ nh√† n√™n nh·ªù b·∫°n m√¨nh xu·ªëng l·∫•y d√πm, gi√° quy·ªÉn s√°ch l√† 162k, b·∫°n m√¨nh ƒë∆∞a 200k th√¨ th·ªëi l·∫°i 30k, c√≤n thi·∫øu 8k th√¨ k√™u b·∫°n m√¨nh l√† m·∫•y ƒë·ªìng l·∫ª b·ªè ƒëi v√† nh·∫•t quy·∫øt kh√¥ng ch·ªãu ƒë∆∞a th√™m 8k n·ªØa. M·∫•y ƒë·ªìng l·∫ª m√¨nh ko ti·∫øc nh∆∞ng th√°i ƒë·ªô b·∫°n shipper r·∫•t th√¥ l·ªó, v√¥ duy√™n. Mong Tiki xem l·∫°i th√°i ƒë·ªô giao h√†ng c·ªßa b·∫°n shipper n√†y, v√¨ nh·ªØng l·∫ßn tr∆∞·ªõc c√°c shipper kh√°c r·∫•t d·ªÖ th∆∞∆°ng v√† nhi·ªát t√¨nh.",2,2019-10-15 11:42:51
C·ª±c k√¨ h√†i l√≤ng,"L√∫c mua s√°ch c≈©ng kh√¥ng k√¨ v·ªçng l·∫Øm nh∆∞ng nh·∫≠n s√°ch th√¨ v√¥ c√πng h√†i l√≤ng, gi·∫•y in ƒëen tr·∫Øng r√µ n√©t, b√¨a s√°ch m·ªõi c√≥ng, s√°ch c·ª±c d√†y, r·∫•t ƒë√°ng ti·ªÅn, shipper nhi·ªát t√¨nh ?",5,2020-09-21 21:52:55
C·ª±c k√¨ h√†i l√≤ng,,5,2023-04-14 16:53:30
C·ª±c k√¨ h√†i l√≤ng,,5,2023-04-11 08:12:16
C·ª±c k√¨ h√†i l√≤ng,"S√°ch n√†y t√¥i mua cho ch√°u, v·ª´a nh·∫≠n h√¥m kia, 21/6/2020. R·∫•t r·∫•t h√†i l√≤ng c·∫£ v·ªÅ h√¨nh th·ª©c l·∫´n n·ªôi dung c√πng c√°ch th·ª©c ƒë√≥ng g√≥i. Tuy·ªát v·ªùi! C√°m ∆°n TIKI.",5,2020-06-23 15:38:05
C·ª±c k√¨ h√†i l√≤ng,,5,2023-04-09 13:00:05
C·ª±c k√¨ h√†i l√≤ng,S√°ch d√†y ƒë·∫πp nh∆∞ng th·ªânh tho·∫£ng c·ª© b·ªã nh∆∞ n√†y h∆°i b√πn x√≠u nh∆∞ng khum sao,5,2021-11-23 23:20:10
C·ª±c k√¨ h√†i l√≤ng,,5,2023-04-06 23:52:14
C·ª±c k√¨ h√†i l√≤ng,"S√°ch ƒë·∫πp, g√≥i h√†ng c·∫©n th·∫≠n. R·∫•t h·ªØu √≠ch.",5,2022-04-02 15:42:46
C·ª±c k√¨ h√†i l√≤ng,,5,2023-04-06 10:42:22
C·ª±c k√¨ h√†i l√≤ng,C√≤n g√¨ may m·∫Øn h∆°n khi ƒë√∫ng l√∫c mu·ªën mua s√°ch h·ªçc ti·∫øng Anh th√¨ g·∫∑p sale gi√° h·ªùi,5,2021-10-19 17:07:48
H√†i l√≤ng,,4,2023-04-05 17:47:09
C·ª±c k√¨ h√†i l√≤ng,,5,2023-04-05 12:37:49
C·ª±c k√¨ h√†i l√≤ng,,5,2023-04-03 16:38:19
C·ª±c k√¨ h√†i l√≤ng,,5,2023-04-01 12:55:24
C·ª±c k√¨ h√†i l√≤ng,s√°ch ƒë·∫πp,5,2023-02-16 14:56:09
C·ª±c k√¨ h√†i l√≤ng,Mua l√∫c gi·∫£m gi√° th√¨ ph·∫£i. N·ªôi dung hay! N√™n m√¨nh cho 5*,5,2022-07-30 00:59:32
C·ª±c k√¨ h√†i l√≤ng,"S√°ch d·ªÖ hi·ªÉu, b·ªçc c·∫©n th·∫≠n v√† s·∫°ch",5,2022-10-06 08:24:29
C·ª±c k√¨ h√†i l√≤ng,"s√°ch d√†y ƒë·∫πp ch·∫•t l∆∞·ª£ng, giao h√†ng qu√° nhanh lu√¥n, ƒë√≥ng g√≥i bao ƒë·∫πp",5,2021-12-06 10:54:41
C·ª±c k√¨ h√†i l√≤ng,Th·∫≠t s·ª± r·∫•t h√†i l√≤ng v√¨ qu√¢ tr√¨nh ƒë√≥ng g√≥i v√† giao s·∫£n ph·∫©m ü•∞,5,2022-05-26 20:34:01
H√†i l√≤ng,"ƒê·∫∑t 15h ng√†y t2, 15h ng√†y t3 c√≥ lu√¥n. giao nhanh d·ªÖ s·ª£. Hi·ªán t·∫°i ƒëang kh√¥ng c√≥ ·ªü nh√† ch·ªâ nh·ªù ng th√¢n check h·ªô nh∆∞ng nh√¨n b·ªÅ ngo√†i kh√° l√† t·ªët.",4,2020-12-30 06:53:23
C·ª±c k√¨ h√†i l√≤ng,N·ªôi dung ƒë·ªÉ hi·ªÉu s·∫Øp s·∫øp c√°c lo·∫°i ng·ªØ ph√°p gi√∫p d·ªÉ d√†ng h·ªçc t·∫≠p,5,2022-05-05 23:07:59
C·ª±c k√¨ h√†i l√≤ng,"r·∫•t t·ªët lu√¥n. nhi·ªÅu ch·ªß ƒë·ªÅ ƒë·ªÉ h·ªçc, l·ªùi gi·∫£i ti·∫øng anh nh∆∞ng c≈©ng r·∫•t d·ªÖ hi·ªÉu lu√¥n",5,2022-02-02 11:45:35
C·ª±c k√¨ h√†i l√≤ng,,5,2023-03-19 21:59:58
C·ª±c k√¨ h√†i l√≤ng,,5,2023-03-17 20:51:33
C·ª±c k√¨ h√†i l√≤ng,,5,2023-03-16 15:25:56
C·ª±c k√¨ h√†i l√≤ng,"S√°ch r·∫•t l·ªõn nh√† nh√† mn,giao h√†ng nhanh",5,2020-12-03 21:23:37
