content,rating,created_at,thank_count
Ä‘á»£i má»i mÄƒt mÃ  chÆ°a tháº¥y j cáº£ ğŸ˜¡ fnjskf,5,2025-08-05 00:17:54,21
Ä‘á»£i má»i mÄƒt mÃ  chÆ°a tháº¥y j cáº£ ğŸ˜¡ xá»‹n xÃ²,5,2025-08-04 00:17:54,23
"</div>giao láº¹ láº¹ chá»© v, chá» phÃ¨n quÃ¡ ngáº§u lÃ²i</div>",2,2025-08-07 00:17:54,15
Ä‘á»£i dÃ i cáº£ cá»• mÃ  chx thÃ¢Ã½ j háº¿t ğŸ˜‘ cÄƒng Ä‘Ã©t ğŸ˜‚,3,2025-07-12 00:17:54,12
<div>giao h4ng cháº­m vcl ğŸ˜¤ hÆ¡i lÃº ğŸ˜¡<span> fnjskf,2,2025-08-17 00:17:54,47
t4j kh0an ko bÃ¡o trc lun áº£o ma ğŸ’”,2,2025-07-18 00:17:54,28
"dá»‹ch vá»¥ vch, cháº­m nhÆ° rÃ¹a ğŸ¢ ğŸ˜¢",3,2025-07-20 00:17:54,12
"dá»‹ch vá»¥ vch, cháº­m nhÆ° rÃ¹a ğŸ¢",3,2025-08-07 00:17:54,26
"<span>dá»‹ch vá»¥ vch, cháº­m nhÆ° rÃ¹a ğŸ¢ ğŸ˜‚<br>",5,2025-06-29 00:17:54,14
"ko á»•n Ã¡p, gjo má»›i tá»›i ğŸ˜­ ğŸ˜‚",4,2025-08-12 00:17:54,18
t4j kh0an ko bÃ¡o trc lun áº£o ma ğŸ˜¢,5,2025-08-06 00:17:54,49
"dá»‹ch vá»¥ vch, cháº­m nhÆ° rÃ¹a ğŸ¢ fnjskf",2,2025-06-30 00:17:54,43
t4j kh0an ko bÃ¡o trc lun xá»‹n xÃ² ğŸ˜¢,2,2025-07-05 00:17:54,47
"</span>dá»‹ch vá»¥ vch, cháº­m nhÆ° rÃ¹a ğŸ¢ âœ¨</span>",2,2025-07-05 00:17:54,18
</b>fnjskf hÃ ng tá»›i lÃ¢u wÃ¡ ğŸ‘ ğŸ˜‚<div>,5,2025-07-18 00:17:54,16
t4j kh0an ko bÃ¡o trc lun chill ğŸ˜¡,1,2025-07-12 00:17:54,23
<b>giao h4ng cháº­m vcl ğŸ˜¤</div> fnjskf,4,2025-07-14 00:17:54,30
"giao láº¹ láº¹ chá»© v, chá» phÃ¨n quÃ¡",4,2025-08-26 00:17:54,43
"tá»›i muá»™n háº³n 3 ng4y, k vui nha ğŸ˜’ phÃ¨n âœ¨",2,2025-07-02 00:17:54,22
"giao láº¹ láº¹ chá»© v, chá» phÃ¨n quÃ¡ ğŸ‘",2,2025-07-15 00:17:54,8
fnjskf hÃ ng tá»›i lÃ¢u wÃ¡ ğŸ‘ xá»‹n xÃ²,2,2025-08-11 00:17:54,10
<span>Ä‘á»£i dÃ i cáº£ cá»• mÃ  chx thÃ¢Ã½ j háº¿t ğŸ˜‘ hÆ¡i lÃº ğŸ’”</b>,1,2025-07-17 00:17:54,43
Ä‘á»£i má»i mÄƒt mÃ  chÆ°a tháº¥y j cáº£ ğŸ˜¡ ğŸ˜‚,4,2025-06-28 00:17:54,32
"giao láº¹ láº¹ chá»© v, chá» phÃ¨n quÃ¡ áº£o ma ğŸ”¥",5,2025-07-09 00:17:54,1
fnjskf hÃ ng tá»›i lÃ¢u wÃ¡ ğŸ‘ ğŸ˜¡,3,2025-07-02 00:17:54,11
Ä‘á»£i dÃ i cáº£ cá»• mÃ  chx thÃ¢Ã½ j háº¿t ğŸ˜‘ ğŸ’”,3,2025-07-28 00:17:54,42
giao h4ng cháº­m vcl ğŸ˜¤ ngáº§u lÃ²i,1,2025-08-20 00:17:54,4
"ko á»•n Ã¡p, gjo má»›i tá»›i ğŸ˜­ háº¿t náº¥c âœ¨",3,2025-08-05 00:17:54,33
fnjskf hÃ ng tá»›i lÃ¢u wÃ¡ ğŸ‘ fnjskf,4,2025-07-03 00:17:54,16
fnjskf hÃ ng tá»›i lÃ¢u wÃ¡ ğŸ‘ cÄƒng Ä‘Ã©t,3,2025-08-25 00:17:54,12
</b>Ä‘á»£i dÃ i cáº£ cá»• mÃ  chx thÃ¢Ã½ j háº¿t ğŸ˜‘ ğŸ”¥<div>,4,2025-08-22 00:17:54,31
"giao láº¹ láº¹ chá»© v, chá» phÃ¨n quÃ¡ ğŸ’€ fnjskf",4,2025-07-28 00:17:54,43
"shipper tá»›j trá»… qÃ¡, chÆ°a Ä‘á»§ wow luÃ´n âœ¨",2,2025-08-25 00:17:54,21
"</span>shipper tá»›j trá»… qÃ¡, chÆ°a Ä‘á»§ wow luÃ´n ğŸ˜‚</div>",4,2025-07-17 00:17:54,0
Ä‘á»£i dÃ i cáº£ cá»• mÃ  chx thÃ¢Ã½ j háº¿t ğŸ˜‘ ğŸ˜¤ fnjskf,1,2025-08-08 00:17:54,20
Ä‘á»£i dÃ i cáº£ cá»• mÃ  chx thÃ¢Ã½ j háº¿t ğŸ˜‘ phÃ¨n ğŸ˜‚ fnjskf,1,2025-08-18 00:17:54,29
<br>t4j kh0an ko bÃ¡o trc lun ngáº§u lÃ²i ğŸ˜¢</i>,5,2025-08-19 00:17:54,17
</div>Ä‘á»£i má»i mÄƒt mÃ  chÆ°a tháº¥y j cáº£ ğŸ˜¡ háº¿t náº¥c ğŸ‘<i>,5,2025-07-16 00:17:54,18
"giao láº¹ láº¹ chá»© v, chá» phÃ¨n quÃ¡",1,2025-08-13 00:17:54,37
Ä‘á»£i dÃ i cáº£ cá»• mÃ  chx thÃ¢Ã½ j háº¿t ğŸ˜‘ ğŸ’”,4,2025-07-13 00:17:54,38
fnjskf hÃ ng tá»›i lÃ¢u wÃ¡ ğŸ‘ ğŸ’€,2,2025-07-19 00:17:54,17
"giao láº¹ láº¹ chá»© v, chá» phÃ¨n quÃ¡ háº¿t náº¥c",4,2025-07-22 00:17:54,11
<br>Ä‘á»£i dÃ i cáº£ cá»• mÃ  chx thÃ¢Ã½ j háº¿t ğŸ˜‘ ğŸ˜¡<span>,5,2025-08-16 00:17:54,26
"shipper tá»›j trá»… qÃ¡, chÆ°a Ä‘á»§ wow luÃ´n phÃ¨n",5,2025-07-05 00:17:54,40
"dá»‹ch vá»¥ vch, cháº­m nhÆ° rÃ¹a ğŸ¢ ğŸ˜¡",4,2025-07-16 00:17:54,13
"ko á»•n Ã¡p, gjo má»›i tá»›i ğŸ˜­",5,2025-06-29 00:17:54,30
"tá»›i muá»™n háº³n 3 ng4y, k vui nha ğŸ˜’ háº¿t náº¥c ğŸ’”",4,2025-07-06 00:17:54,24
"ko á»•n Ã¡p, gjo má»›i tá»›i ğŸ˜­ fnjskf",2,2025-07-24 00:17:54,11
Ä‘á»£i dÃ i cáº£ cá»• mÃ  chx thÃ¢Ã½ j háº¿t ğŸ˜‘ phÃ¨n,4,2025-08-08 00:17:54,14
"shipper tá»›j trá»… qÃ¡, chÆ°a Ä‘á»§ wow luÃ´n ğŸ”¥",4,2025-07-09 00:17:54,28
giao h4ng cháº­m vcl ğŸ˜¤ cÄƒng Ä‘Ã©t ğŸ”¥,5,2025-07-09 00:17:54,7
"<i>shipper tá»›j trá»… qÃ¡, chÆ°a Ä‘á»§ wow luÃ´n cÄƒng Ä‘Ã©t<b>",5,2025-07-31 00:17:54,41
</div>fnjskf hÃ ng tá»›i lÃ¢u wÃ¡ ğŸ‘ ğŸ’€</i> fnjskf,5,2025-08-16 00:17:54,48
</div>giao h4ng cháº­m vcl ğŸ˜¤ ğŸ˜¢<b>,1,2025-07-23 00:17:54,42
Ä‘á»£i dÃ i cáº£ cá»• mÃ  chx thÃ¢Ã½ j háº¿t ğŸ˜‘ phÃ¨n ğŸ‘,2,2025-07-30 00:17:54,30
"dá»‹ch vá»¥ vch, cháº­m nhÆ° rÃ¹a ğŸ¢ cÄƒng Ä‘Ã©t ğŸ˜¤",1,2025-07-16 00:17:54,4
"<span>shipper tá»›j trá»… qÃ¡, chÆ°a Ä‘á»§ wow luÃ´n áº£o ma âœ¨<i>",2,2025-08-14 00:17:54,49
Ä‘á»£i má»i mÄƒt mÃ  chÆ°a tháº¥y j cáº£ ğŸ˜¡ ngáº§u lÃ²i ğŸ’”,5,2025-07-04 00:17:54,25
</span>Ä‘á»£i má»i mÄƒt mÃ  chÆ°a tháº¥y j cáº£ ğŸ˜¡ háº¿t náº¥c ğŸ˜¢</i>,5,2025-07-27 00:17:54,34
"</div>dá»‹ch vá»¥ vch, cháº­m nhÆ° rÃ¹a ğŸ¢ ngáº§u lÃ²i ğŸ’”</span>",3,2025-06-30 00:17:54,5
<span>fnjskf hÃ ng tá»›i lÃ¢u wÃ¡ ğŸ‘ ğŸ‘</div>,1,2025-08-17 00:17:54,7
"<span>giao láº¹ láº¹ chá»© v, chá» phÃ¨n quÃ¡ ğŸ‘<br>",5,2025-07-21 00:17:54,1
<span>giao h4ng cháº­m vcl ğŸ˜¤ hÆ¡i lÃº ğŸ’€<span> fnjskf,4,2025-07-30 00:17:54,27
"</b>tá»›i muá»™n háº³n 3 ng4y, k vui nha ğŸ˜’</div> fnjskf",2,2025-08-22 00:17:54,30
"dá»‹ch vá»¥ vch, cháº­m nhÆ° rÃ¹a ğŸ¢ ğŸ‘",2,2025-07-30 00:17:54,44
t4j kh0an ko bÃ¡o trc lun hÆ¡i lÃº ğŸ˜‚,5,2025-07-30 00:17:54,37
Ä‘á»£i má»i mÄƒt mÃ  chÆ°a tháº¥y j cáº£ ğŸ˜¡ phÃ¨n ğŸ˜¤,2,2025-08-25 00:17:54,6
</div>Ä‘á»£i má»i mÄƒt mÃ  chÆ°a tháº¥y j cáº£ ğŸ˜¡ ğŸ˜¢</span>,3,2025-07-08 00:17:54,27
Ä‘á»£i dÃ i cáº£ cá»• mÃ  chx thÃ¢Ã½ j háº¿t ğŸ˜‘ ğŸ‘ fnjskf,2,2025-07-29 00:17:54,43
"shipper tá»›j trá»… qÃ¡, chÆ°a Ä‘á»§ wow luÃ´n chill ğŸ˜‚ fnjskf",3,2025-07-29 00:17:54,0
"tá»›i muá»™n háº³n 3 ng4y, k vui nha ğŸ˜’ hÆ¡i lÃº",4,2025-07-15 00:17:54,14
Ä‘á»£i dÃ i cáº£ cá»• mÃ  chx thÃ¢Ã½ j háº¿t ğŸ˜‘ cÄƒng Ä‘Ã©t ğŸ’€,2,2025-07-26 00:17:54,27
"tá»›i muá»™n háº³n 3 ng4y, k vui nha ğŸ˜’ áº£o ma ğŸ”¥",5,2025-08-15 00:17:54,20
<br>Ä‘á»£i má»i mÄƒt mÃ  chÆ°a tháº¥y j cáº£ ğŸ˜¡<i>,2,2025-07-24 00:17:54,36
</span>giao h4ng cháº­m vcl ğŸ˜¤ ngáº§u lÃ²i ğŸ˜¤<i>,5,2025-08-10 00:17:54,0
Ä‘á»£i dÃ i cáº£ cá»• mÃ  chx thÃ¢Ã½ j háº¿t ğŸ˜‘,3,2025-08-24 00:17:54,5
"</span>giao láº¹ láº¹ chá»© v, chá» phÃ¨n quÃ¡ háº¿t náº¥c ğŸ˜¡<b>",5,2025-08-08 00:17:54,24
<i>fnjskf hÃ ng tá»›i lÃ¢u wÃ¡ ğŸ‘ âœ¨<b>,3,2025-07-24 00:17:54,46
"<span>ko á»•n Ã¡p, gjo má»›i tá»›i ğŸ˜­ chill ğŸ˜¤<span>",3,2025-08-18 00:17:54,36
"dá»‹ch vá»¥ vch, cháº­m nhÆ° rÃ¹a ğŸ¢ xá»‹n xÃ² ğŸ’” fnjskf",2,2025-07-25 00:17:54,47
"dá»‹ch vá»¥ vch, cháº­m nhÆ° rÃ¹a ğŸ¢ fnjskf",2,2025-07-16 00:17:54,41
"dá»‹ch vá»¥ vch, cháº­m nhÆ° rÃ¹a ğŸ¢",3,2025-08-14 00:17:54,40
"ko á»•n Ã¡p, gjo má»›i tá»›i ğŸ˜­ ngáº§u lÃ²i",3,2025-07-01 00:17:54,14
<i>t4j kh0an ko bÃ¡o trc lun ğŸ’”<i>,1,2025-07-06 00:17:54,45
giao h4ng cháº­m vcl ğŸ˜¤ ğŸ‘,4,2025-07-12 00:17:54,20
t4j kh0an ko bÃ¡o trc lun phÃ¨n ğŸ˜¤ fnjskf,5,2025-07-01 00:17:54,46
"ko á»•n Ã¡p, gjo má»›i tá»›i ğŸ˜­ ğŸ‘ fnjskf",5,2025-08-15 00:17:54,26
"shipper tá»›j trá»… qÃ¡, chÆ°a Ä‘á»§ wow luÃ´n ğŸ˜‚ fnjskf",4,2025-07-02 00:17:54,36
t4j kh0an ko bÃ¡o trc lun áº£o ma,5,2025-08-12 00:17:54,49
"shipper tá»›j trá»… qÃ¡, chÆ°a Ä‘á»§ wow luÃ´n háº¿t náº¥c ğŸ‘",2,2025-07-28 00:17:54,39
<span>Ä‘á»£i má»i mÄƒt mÃ  chÆ°a tháº¥y j cáº£ ğŸ˜¡ ğŸ‘</b>,2,2025-07-24 00:17:54,47
"tá»›i muá»™n háº³n 3 ng4y, k vui nha ğŸ˜’",2,2025-08-04 00:17:54,18
"dá»‹ch vá»¥ vch, cháº­m nhÆ° rÃ¹a ğŸ¢ phÃ¨n ğŸ”¥ fnjskf",4,2025-07-15 00:17:54,12
t4j kh0an ko bÃ¡o trc lun fnjskf,3,2025-07-20 00:17:54,18
"<div>shipper tá»›j trá»… qÃ¡, chÆ°a Ä‘á»§ wow luÃ´n xá»‹n xÃ² ğŸ˜¤</i>",4,2025-07-01 00:17:54,34
"<i>tá»›i muá»™n háº³n 3 ng4y, k vui nha ğŸ˜’ ngáº§u lÃ²i ğŸ’”</span>",3,2025-07-01 00:17:54,28
giao h4ng cháº­m vcl ğŸ˜¤,3,2025-08-08 00:17:54,18
</div>Ä‘á»£i má»i mÄƒt mÃ  chÆ°a tháº¥y j cáº£ ğŸ˜¡ háº¿t náº¥c ğŸ‘</i>,2,2025-08-10 00:17:54,41
"<i>giao láº¹ láº¹ chá»© v, chá» phÃ¨n quÃ¡ hÆ¡i lÃº</div>",5,2025-07-16 00:17:54,38
"shipper tá»›j trá»… qÃ¡, chÆ°a Ä‘á»§ wow luÃ´n ğŸ’€",2,2025-07-07 00:17:54,14
"</i>dá»‹ch vá»¥ vch, cháº­m nhÆ° rÃ¹a ğŸ¢ ğŸ”¥</div>",4,2025-08-16 00:17:54,27
Ä‘á»£i má»i mÄƒt mÃ  chÆ°a tháº¥y j cáº£ ğŸ˜¡ ğŸ‘,1,2025-07-03 00:17:54,39
"<span>giao láº¹ láº¹ chá»© v, chá» phÃ¨n quÃ¡ ğŸ’€<br>",2,2025-07-25 00:17:54,37
<span>giao h4ng cháº­m vcl ğŸ˜¤ ğŸ˜¡<div>,3,2025-07-29 00:17:54,16
"<b>shipper tá»›j trá»… qÃ¡, chÆ°a Ä‘á»§ wow luÃ´n chill</b>",4,2025-07-20 00:17:54,48
"shipper tá»›j trá»… qÃ¡, chÆ°a Ä‘á»§ wow luÃ´n xá»‹n xÃ²",1,2025-06-27 00:17:54,42
"tá»›i muá»™n háº³n 3 ng4y, k vui nha ğŸ˜’ cÄƒng Ä‘Ã©t ğŸ˜‚",4,2025-08-01 00:17:54,13
"</i>ko á»•n Ã¡p, gjo má»›i tá»›i ğŸ˜­ ğŸ’”<div>",1,2025-07-21 00:17:54,15
"dá»‹ch vá»¥ vch, cháº­m nhÆ° rÃ¹a ğŸ¢",1,2025-08-12 00:17:54,11
"ko á»•n Ã¡p, gjo má»›i tá»›i ğŸ˜­",2,2025-07-20 00:17:54,15
"</b>tá»›i muá»™n háº³n 3 ng4y, k vui nha ğŸ˜’ ğŸ”¥<b>",4,2025-07-30 00:17:54,41
t4j kh0an ko bÃ¡o trc lun ğŸ˜¢ fnjskf,2,2025-08-04 00:17:54,38
Ä‘á»£i dÃ i cáº£ cá»• mÃ  chx thÃ¢Ã½ j háº¿t ğŸ˜‘ chill,5,2025-08-16 00:17:54,26
t4j kh0an ko bÃ¡o trc lun ğŸ˜¤,3,2025-08-17 00:17:54,2
"shipper tá»›j trá»… qÃ¡, chÆ°a Ä‘á»§ wow luÃ´n ğŸ˜‚ fnjskf",1,2025-07-13 00:17:54,25
giao h4ng cháº­m vcl ğŸ˜¤ ğŸ˜‚ fnjskf,3,2025-07-12 00:17:54,11
"tá»›i muá»™n háº³n 3 ng4y, k vui nha ğŸ˜’ phÃ¨n ğŸ˜‚ fnjskf",2,2025-07-16 00:17:54,10
Ä‘á»£i dÃ i cáº£ cá»• mÃ  chx thÃ¢Ã½ j háº¿t ğŸ˜‘ ngáº§u lÃ²i ğŸ‘,3,2025-08-15 00:17:54,35
Ä‘á»£i dÃ i cáº£ cá»• mÃ  chx thÃ¢Ã½ j háº¿t ğŸ˜‘ chill fnjskf,4,2025-07-05 00:17:54,38
fnjskf hÃ ng tá»›i lÃ¢u wÃ¡ ğŸ‘ háº¿t náº¥c ğŸ‘,5,2025-08-07 00:17:54,9
Ä‘á»£i dÃ i cáº£ cá»• mÃ  chx thÃ¢Ã½ j háº¿t ğŸ˜‘ phÃ¨n ğŸ˜¤ fnjskf,4,2025-07-24 00:17:54,35
"giao láº¹ láº¹ chá»© v, chá» phÃ¨n quÃ¡",4,2025-07-18 00:17:54,43
fnjskf hÃ ng tá»›i lÃ¢u wÃ¡ ğŸ‘ ğŸ‘,4,2025-08-12 00:17:54,30
giao h4ng cháº­m vcl ğŸ˜¤ áº£o ma,5,2025-07-14 00:17:54,11
</span>fnjskf hÃ ng tá»›i lÃ¢u wÃ¡ ğŸ‘<span>,3,2025-08-12 00:17:54,11
giao h4ng cháº­m vcl ğŸ˜¤ fnjskf,4,2025-07-25 00:17:54,39
"tá»›i muá»™n háº³n 3 ng4y, k vui nha ğŸ˜’ fnjskf",1,2025-08-09 00:17:54,46
</i>Ä‘á»£i má»i mÄƒt mÃ  chÆ°a tháº¥y j cáº£ ğŸ˜¡ phÃ¨n ğŸ‘<br> fnjskf,4,2025-07-13 00:17:54,22
giao h4ng cháº­m vcl ğŸ˜¤ chill fnjskf,4,2025-07-13 00:17:54,44
Ä‘á»£i má»i mÄƒt mÃ  chÆ°a tháº¥y j cáº£ ğŸ˜¡ háº¿t náº¥c ğŸ˜¡ fnjskf,2,2025-08-13 00:17:54,21
"<br>ko á»•n Ã¡p, gjo má»›i tá»›i ğŸ˜­ ğŸ˜‚</div>",1,2025-08-06 00:17:54,28
</div>Ä‘á»£i dÃ i cáº£ cá»• mÃ  chx thÃ¢Ã½ j háº¿t ğŸ˜‘ hÆ¡i lÃº ğŸ˜‚<i> fnjskf,5,2025-08-06 00:17:54,33
"shipper tá»›j trá»… qÃ¡, chÆ°a Ä‘á»§ wow luÃ´n áº£o ma ğŸ’€",3,2025-07-03 00:17:54,35
<b>Ä‘á»£i dÃ i cáº£ cá»• mÃ  chx thÃ¢Ã½ j háº¿t ğŸ˜‘ âœ¨</b>,5,2025-07-07 00:17:54,27
giao h4ng cháº­m vcl ğŸ˜¤ phÃ¨n,2,2025-08-16 00:17:54,15
</b>Ä‘á»£i dÃ i cáº£ cá»• mÃ  chx thÃ¢Ã½ j háº¿t ğŸ˜‘<i>,3,2025-07-26 00:17:54,50
t4j kh0an ko bÃ¡o trc lun chill ğŸ’”,2,2025-06-27 00:17:54,25
"shipper tá»›j trá»… qÃ¡, chÆ°a Ä‘á»§ wow luÃ´n",2,2025-08-03 00:17:54,20
fnjskf hÃ ng tá»›i lÃ¢u wÃ¡ ğŸ‘ hÆ¡i lÃº ğŸ˜¡ fnjskf,2,2025-07-12 00:17:54,25
<span>Ä‘á»£i má»i mÄƒt mÃ  chÆ°a tháº¥y j cáº£ ğŸ˜¡ ğŸ˜‚<br>,1,2025-07-24 00:17:54,31
Ä‘á»£i má»i mÄƒt mÃ  chÆ°a tháº¥y j cáº£ ğŸ˜¡ ğŸ’”,3,2025-07-17 00:17:54,19
giao h4ng cháº­m vcl ğŸ˜¤ ğŸ˜¤,1,2025-08-22 00:17:54,50
"dá»‹ch vá»¥ vch, cháº­m nhÆ° rÃ¹a ğŸ¢ áº£o ma",3,2025-07-25 00:17:54,2
"giao láº¹ láº¹ chá»© v, chá» phÃ¨n quÃ¡ áº£o ma",5,2025-08-11 00:17:54,13
"</div>ko á»•n Ã¡p, gjo má»›i tá»›i ğŸ˜­ ğŸ‘<b>",4,2025-07-22 00:17:54,27
"shipper tá»›j trá»… qÃ¡, chÆ°a Ä‘á»§ wow luÃ´n ğŸ’€",1,2025-08-18 00:17:54,3
"</div>dá»‹ch vá»¥ vch, cháº­m nhÆ° rÃ¹a ğŸ¢ phÃ¨n<div>",2,2025-08-11 00:17:54,28
"ko á»•n Ã¡p, gjo má»›i tá»›i ğŸ˜­ phÃ¨n ğŸ‘ fnjskf",2,2025-07-28 00:17:54,41
Ä‘á»£i dÃ i cáº£ cá»• mÃ  chx thÃ¢Ã½ j háº¿t ğŸ˜‘ ngáº§u lÃ²i ğŸ˜¡,3,2025-07-11 00:17:54,24
</span>Ä‘á»£i dÃ i cáº£ cá»• mÃ  chx thÃ¢Ã½ j háº¿t ğŸ˜‘ háº¿t náº¥c ğŸ˜¤</i> fnjskf,4,2025-08-08 00:17:54,9
</div>Ä‘á»£i dÃ i cáº£ cá»• mÃ  chx thÃ¢Ã½ j háº¿t ğŸ˜‘ phÃ¨n</b>,5,2025-07-24 00:17:54,24
"tá»›i muá»™n háº³n 3 ng4y, k vui nha ğŸ˜’ áº£o ma ğŸ‘",3,2025-08-15 00:17:54,21
"tá»›i muá»™n háº³n 3 ng4y, k vui nha ğŸ˜’ cÄƒng Ä‘Ã©t ğŸ˜¢",4,2025-08-09 00:17:54,50
"dá»‹ch vá»¥ vch, cháº­m nhÆ° rÃ¹a ğŸ¢ cÄƒng Ä‘Ã©t ğŸ˜¡",2,2025-07-14 00:17:54,24
"</div>dá»‹ch vá»¥ vch, cháº­m nhÆ° rÃ¹a ğŸ¢ âœ¨</i>",4,2025-07-14 00:17:54,0
Ä‘á»£i dÃ i cáº£ cá»• mÃ  chx thÃ¢Ã½ j háº¿t ğŸ˜‘ ğŸ‘,5,2025-07-19 00:17:54,6
"</span>ko á»•n Ã¡p, gjo má»›i tá»›i ğŸ˜­<br>",2,2025-06-30 00:17:54,49
"dá»‹ch vá»¥ vch, cháº­m nhÆ° rÃ¹a ğŸ¢ cÄƒng Ä‘Ã©t",3,2025-08-15 00:17:54,8
"dá»‹ch vá»¥ vch, cháº­m nhÆ° rÃ¹a ğŸ¢ ngáº§u lÃ²i ğŸ˜¡",4,2025-07-19 00:17:54,7
Ä‘á»£i má»i mÄƒt mÃ  chÆ°a tháº¥y j cáº£ ğŸ˜¡ ngáº§u lÃ²i ğŸ˜¢,2,2025-06-29 00:17:54,20
</i>Ä‘á»£i má»i mÄƒt mÃ  chÆ°a tháº¥y j cáº£ ğŸ˜¡ hÆ¡i lÃº ğŸ’”<div>,5,2025-08-06 00:17:54,9
</i>t4j kh0an ko bÃ¡o trc lun chill<br>,3,2025-07-13 00:17:54,15
"</span>ko á»•n Ã¡p, gjo má»›i tá»›i ğŸ˜­ ğŸ‘</i>",1,2025-07-10 00:17:54,50
"dá»‹ch vá»¥ vch, cháº­m nhÆ° rÃ¹a ğŸ¢ ğŸ˜¡",3,2025-07-13 00:17:54,18
Ä‘á»£i má»i mÄƒt mÃ  chÆ°a tháº¥y j cáº£ ğŸ˜¡ ngáº§u lÃ²i ğŸ˜¤,5,2025-08-06 00:17:54,23
Ä‘á»£i má»i mÄƒt mÃ  chÆ°a tháº¥y j cáº£ ğŸ˜¡ ğŸ‘,2,2025-08-13 00:17:54,32
Ä‘á»£i dÃ i cáº£ cá»• mÃ  chx thÃ¢Ã½ j háº¿t ğŸ˜‘ ğŸ˜‚,5,2025-08-10 00:17:54,30
"shipper tá»›j trá»… qÃ¡, chÆ°a Ä‘á»§ wow luÃ´n ğŸ˜¡",1,2025-07-04 00:17:54,10
<span>Ä‘á»£i má»i mÄƒt mÃ  chÆ°a tháº¥y j cáº£ ğŸ˜¡ ğŸ‘</span>,2,2025-08-04 00:17:54,35
"<br>dá»‹ch vá»¥ vch, cháº­m nhÆ° rÃ¹a ğŸ¢ xá»‹n xÃ² ğŸ˜¤<span>",1,2025-07-02 00:17:54,50
<div>t4j kh0an ko bÃ¡o trc lun phÃ¨n<i>,3,2025-08-08 00:17:54,20
"dá»‹ch vá»¥ vch, cháº­m nhÆ° rÃ¹a ğŸ¢ háº¿t náº¥c ğŸ’”",1,2025-08-19 00:17:54,24
</i>fnjskf hÃ ng tá»›i lÃ¢u wÃ¡ ğŸ‘ phÃ¨n ğŸ˜‚<br> fnjskf,4,2025-07-05 00:17:54,22
"dá»‹ch vá»¥ vch, cháº­m nhÆ° rÃ¹a ğŸ¢ ngáº§u lÃ²i âœ¨ fnjskf",5,2025-06-30 00:17:54,16
"tá»›i muá»™n háº³n 3 ng4y, k vui nha ğŸ˜’ cÄƒng Ä‘Ã©t",2,2025-07-04 00:17:54,11
"</b>ko á»•n Ã¡p, gjo má»›i tá»›i ğŸ˜­ ğŸ‘</div>",4,2025-07-24 00:17:54,41
"ko á»•n Ã¡p, gjo má»›i tá»›i ğŸ˜­",5,2025-07-12 00:17:54,6
Ä‘á»£i dÃ i cáº£ cá»• mÃ  chx thÃ¢Ã½ j háº¿t ğŸ˜‘ phÃ¨n ğŸ˜‚,1,2025-07-18 00:17:54,28
<span>t4j kh0an ko bÃ¡o trc lun ğŸ˜¤</b>,5,2025-06-27 00:17:54,19
"giao láº¹ láº¹ chá»© v, chá» phÃ¨n quÃ¡ háº¿t náº¥c ğŸ‘",3,2025-07-21 00:17:54,19
"tá»›i muá»™n háº³n 3 ng4y, k vui nha ğŸ˜’ ğŸ˜‚",5,2025-08-06 00:17:54,31
"</span>ko á»•n Ã¡p, gjo má»›i tá»›i ğŸ˜­ ngáº§u lÃ²i ğŸ˜¡<div> fnjskf",3,2025-07-04 00:17:54,15
</div>Ä‘á»£i má»i mÄƒt mÃ  chÆ°a tháº¥y j cáº£ ğŸ˜¡<div>,1,2025-07-20 00:17:54,36
"giao láº¹ láº¹ chá»© v, chá» phÃ¨n quÃ¡ chill ğŸ’€",2,2025-07-23 00:17:54,42
fnjskf hÃ ng tá»›i lÃ¢u wÃ¡ ğŸ‘ phÃ¨n,4,2025-07-04 00:17:54,29
<b>t4j kh0an ko bÃ¡o trc lun ğŸ‘<br> fnjskf,4,2025-08-17 00:17:54,34
t4j kh0an ko bÃ¡o trc lun chill âœ¨ fnjskf,1,2025-07-24 00:17:54,20
</i>Ä‘á»£i má»i mÄƒt mÃ  chÆ°a tháº¥y j cáº£ ğŸ˜¡ áº£o ma ğŸ˜‚<b>,5,2025-07-27 00:17:54,19
"giao láº¹ láº¹ chá»© v, chá» phÃ¨n quÃ¡ ğŸ˜‚",2,2025-08-13 00:17:54,40
"tá»›i muá»™n háº³n 3 ng4y, k vui nha ğŸ˜’ hÆ¡i lÃº ğŸ”¥ fnjskf",3,2025-08-11 00:17:54,31
fnjskf hÃ ng tá»›i lÃ¢u wÃ¡ ğŸ‘ hÆ¡i lÃº ğŸ’”,4,2025-07-23 00:17:54,12
Ä‘á»£i dÃ i cáº£ cá»• mÃ  chx thÃ¢Ã½ j háº¿t ğŸ˜‘ âœ¨,1,2025-08-07 00:17:54,12
</div>t4j kh0an ko bÃ¡o trc lun cÄƒng Ä‘Ã©t ğŸ’”</i>,1,2025-08-21 00:17:54,34
"shipper tá»›j trá»… qÃ¡, chÆ°a Ä‘á»§ wow luÃ´n hÆ¡i lÃº",3,2025-07-17 00:17:54,21
"tá»›i muá»™n háº³n 3 ng4y, k vui nha ğŸ˜’ áº£o ma ğŸ’€",1,2025-07-13 00:17:54,31
Ä‘á»£i má»i mÄƒt mÃ  chÆ°a tháº¥y j cáº£ ğŸ˜¡ ğŸ˜¤,2,2025-07-05 00:17:54,50
giao h4ng cháº­m vcl ğŸ˜¤ ngáº§u lÃ²i,5,2025-07-11 00:17:54,33
"tá»›i muá»™n háº³n 3 ng4y, k vui nha ğŸ˜’",3,2025-07-13 00:17:54,6
"ko á»•n Ã¡p, gjo má»›i tá»›i ğŸ˜­ ğŸ’€",1,2025-07-30 00:17:54,22
"shipper tá»›j trá»… qÃ¡, chÆ°a Ä‘á»§ wow luÃ´n ğŸ‘",4,2025-08-12 00:17:54,20
